direction,take_profit,stop_loss,open,high,low,close,weight,result
1,0.0718449,-0.470085,-1.35575,-1.15551,-1.1848,-1.17334,2,0.0718449
1,0.045742,-0.752289,0.882995,0.354006,0.84067,0.569825,2,0.045742
-1,0.206387,-0.0631534,1.27819,0.567637,0.727572,0.484059,2,-0.0631534
-1,0.272565,-0.0921946,1.73821,1.11907,1.69676,0.94314,2,-0.0921946
-1,0.895053,-0.0808306,-0.0146959,-0.352385,0.64013,-0.427191,2,-0.0808306
-1,0.208049,-0.0179948,-1.63434,-0.755253,0.0879918,-0.909535,-2,-0.0179948
1,0.0668919,-0.468355,1.11413,0.752074,1.70055,0.530474,2,0.0668919
-1,0.470977,-0.111724,1.05293,1.22127,0.91596,1.50808,2,-0.111724
1,0.138283,-0.326846,1.41127,1.74763,1.44796,1.29548,2,0.138283
-1,0.321083,-0.0637116,-1.57949,-1.51038,-0.824909,-1.45476,-2,-0.0637116
1,0.0695814,-0.671295,-1.13776,-1.3108,-1.21474,0.796137,-2,0.0695814
-1,0.631427,-0.0646863,-0.115234,-0.642961,0.485504,-1.21589,2,-0.0646863
-1,0.230118,-0.0937516,1.19612,1.61326,1.65324,1.46268,2,-0.0937516
1,0.0301856,-0.287034,1.38145,1.21199,1.30763,1.05784,1,0.0301856
1,0.0929828,-0.655016,0.397666,0.0719172,-0.53647,-0.65877,-2,0.0929828
-1,0.493337,-0.0785706,-1.17158,-0.256655,-1.71655,0.751782,2,-0.0785706
-1,0.98484,-0.105623,-0.207758,-0.648789,0.474678,0.673122,-2,-0.105623
1,0.223388,-0.833225,1.07108,0.509843,-0.341581,-0.492716,2,0.223388
1,0.206387,-0.0631534,1.27819,0.567637,0.727572,0.484059,2,0.206387
-1,0.0940986,-0.0841894,-0.722794,-0.718735,-1.02771,-0.939157,-2,-0.0841894
1,0.135667,-0.976362,0.174366,-0.723338,0.12637,-0.599829,2,0.135667
-1,0.388299,-0.182895,0.343735,0.365756,1.16835,0.297349,-2,-0.182895
1,0.0940986,-0.0841894,-0.722794,-0.718735,-1.02771,-0.939157,-2,0.0940986
-1,0.718712,-0.17576,1.24437,0.681948,1.13686,0.769908,2,-0.17576
1,0.272565,-0.0921946,1.73821,1.11907,1.69676,0.94314,2,0.272565
-1,0.242298,-0.0189533,-0.712841,-1.19523,-1.50201,-1.42376,-2,-0.0189533
-1,0.394958,-0.0352031,1.89908,1.42377,1.78364,1.07158,2,-0.0352031
-1,0.861594,-0.0490698,0.0283925,-0.910196,0.234762,-1.35229,-2,-0.0490698
-1,0.834213,-0.0508863,1.01786,0.577921,0.430133,-0.00926161,-2,-0.0508863
1,0.0517845,-0.389156,1.26833,1.00865,1.14985,1.27129,2,0.0517845
1,0.208049,-0.0179948,-1.63434,-0.755253,0.0879918,-0.909535,-2,0.208049
1,0.230118,-0.0937516,1.19612,1.61326,1.65324,1.46268,2,0.230118
-1,0.562833,-0.33758,1.57312,1.32132,1.63222,1.19046,2,-0.33758
-1,0.138283,-0.326846,1.41127,1.74763,1.44796,1.29548,2,-0.326846
-1,0.386526,-0.288746,-0.137423,-0.668739,0.177543,-0.0480257,2,-0.288746
-1,0.595728,-0.0175893,-1.07116,-1.03341,-0.775792,-0.997135,2,-0.0175893
-1,0.935273,-0.126975,-0.410129,-0.587347,-1.4115,-0.837368,-2,-0.126975
1,0.390754,-0.462746,-1.41308,-1.4554,-1.30757,-1.23409,-2,0.390754
1,0.116288,-0.27196,0.240158,1.47428,0.994588,1.14955,2,0.116288
1,0.253045,-0.994906,-0.212175,-0.738538,0.118959,0.565262,-2,0.253045
1,0.315546,-0.433108,1.37033,1.75402,1.18451,1.89548,2,0.315546
-1,0.283555,-0.119352,1.82574,1.18039,1.79462,1.00533,2,-0.119352
-1,0.519992,-0.145995,1.66789,1.73825,1.92842,1.91894,-2,-0.145995
-1,0.364292,-0.360432,1.71766,1.68798,1.63471,1.5837,2,-0.360432
-1,0.286199,-0.0116334,-1.78357,-1.34492,-1.37074,-0.867089,-2,-0.0116334
-1,0.426443,-0.139185,-1.55353,-2.0261,-1.81341,-1.74743,-2,-0.139185
1,0.364292,-0.360432,1.71766,1.68798,1.63471,1.5837,2,0.364292
-1,0.729312,-0.319598,-0.928545,0.346522,-1.21459,0.980286,-2,-0.319598
1,0.0466505,-0.670927,1.49312,0.982477,1.21651,0.961587,2,0.0466505
1,0.321083,-0.0637116,-1.57949,-1.51038,-0.824909,-1.45476,-2,0.321083
1,0.156812,-0.611428,-1.06055,-1.15574,-0.740941,-0.578846,2,0.156812
1,0.329744,-0.411851,1.59927,1.35223,1.74757,1.53982,2,0.329744
-1,0.0718449,-0.470085,-1.35575,-1.15551,-1.1848,-1.17334,2,-0.470085
-1,0.0111712,-0.758932,-0.315941,-0.058203,-1.67827,-0.896989,2,-0.758932
-1,0.0237548,-0.724399,1.00214,0.419853,1.66685,1.54217,2,-0.724399
1,0.0111712,-0.758932,-0.315941,-0.058203,-1.67827,-0.896989,2,0.0111712
-1,0.390754,-0.462746,-1.41308,-1.4554,-1.30757,-1.23409,-2,-0.462746
1,0.0237548,-0.724399,1.00214,0.419853,1.66685,1.54217,2,0.0237548
1,0.45047,-0.469873,0.651942,0.248038,1.01637,0.507765,-2,0.45047
-1,0.0301856,-0.287034,1.38145,1.21199,1.30763,1.05784,1,-0.287034
-1,0.45047,-0.469873,0.651942,0.248038,1.01637,0.507765,-2,-0.469873
-1,0.347718,-0.307443,1.58082,1.95152,1.91471,1.95098,2,-0.307443
1,0.388299,-0.182895,0.343735,0.365756,1.16835,0.297349,-2,0.388299
1,0.386526,-0.288746,-0.137423,-0.668739,0.177543,-0.0480257,2,0.386526
1,0.263168,-0.349676,0.106128,-0.160353,-1.21231,-1.44413,-2,0.263168
1,0.0829348,-0.953166,-0.105296,-0.329423,-0.0603675,-0.363029,2,0.0829348
1,0.465157,-0.977138,1.14505,0.741164,1.28678,0.936209,2,0.465157
-1,0.92969,-0.200603,1.73179,1.10722,1.30631,0.735027,2,-0.200603
-1,0.512676,-0.205312,-0.513183,-0.637759,0.152772,-0.192763,-2,-0.205312
1,0.470977,-0.111724,1.05293,1.22127,0.91596,1.50808,2,0.470977
1,0.0617744,-0.807488,1.68464,1.03606,1.59222,0.893777,2,0.0617744
1,0.241141,-0.416923,-1.30357,-1.05792,-0.530029,-0.682144,-2,0.241141
-1,0.602438,-0.392547,-1.74635,-0.791482,-0.782296,-0.21669,-2,-0.392547
1,0.347718,-0.307443,1.58082,1.95152,1.91471,1.95098,2,0.347718
-1,0.329744,-0.411851,1.59927,1.35223,1.74757,1.53982,2,-0.411851
1,0.422325,-0.739082,0.0709938,1.31515,0.951174,1.09877,2,0.422325
-1,0.315546,-0.433108,1.37033,1.75402,1.18451,1.89548,2,-0.433108
1,0.0306624,-0.214821,1.35597,1.62866,1.35212,1.57586,2,0.0306624
-1,0.125175,-0.0652318,-0.664061,-0.465851,-1.04206,-0.105533,-2,-0.0652318
1,0.0976173,-0.562776,-0.748578,-0.327756,-0.300134,-0.141096,2,0.0976173
1,0.247795,-0.927103,-0.621385,-1.22023,-1.57172,-1.7863,2,0.247795
-1,0.926817,-0.324856,-0.121074,-0.416505,-0.186532,-0.333084,2,-0.324856
1,0.398588,-0.480556,0.619662,-2.01556,0.422981,-0.250316,2,0.398588
1,0.242298,-0.0189533,-0.712841,-1.19523,-1.50201,-1.42376,-2,0.242298
1,0.249684,-0.928642,-0.430346,-0.591107,-0.158614,-0.355021,-2,0.249684
1,0.718649,-0.0455124,1.07752,1.2488,1.25012,1.00488,1,0.718649
-1,0.0306624,-0.214821,1.35597,1.62866,1.35212,1.57586,2,-0.214821
1,0.286199,-0.0116334,-1.78357,-1.34492,-1.37074,-0.867089,-2,0.286199
1,0.0215174,-0.26858,0.833137,0.818411,0.958821,0.620987,2,0.0215174
-1,0.0215174,-0.26858,0.833137,0.818411,0.958821,0.620987,2,-0.26858
-1,0.0415038,-0.387686,-0.110775,-0.386375,-0.668487,-0.688856,2,-0.387686
1,0.505204,-0.101504,0.770221,0.795314,1.28473,1.16119,-2,0.505204
1,0.125175,-0.0652318,-0.664061,-0.465851,-1.04206,-0.105533,-2,0.125175
-1,0.0479881,-0.347786,1.27882,1.62677,1.35605,1.47185,-2,-0.347786
1,0.440846,-0.0830946,-0.765038,-0.841994,-0.196003,-0.456497,-2,0.440846
-1,0.0712515,-0.648571,-1.86009,-1.48054,-1.41368,-1.44134,-2,-0.648571
1,0.540301,-0.0777332,0.223157,1.44572,0.623051,1.2225,2,0.540301
-1,0.0404491,-0.467129,-0.973737,-1.33823,-1.5769,-1.39244,2,-0.467129
-1,0.0617744,-0.807488,1.68464,1.03606,1.59222,0.893777,2,-0.807488
1,0.595728,-0.0175893,-1.07116,-1.03341,-0.775792,-0.997135,2,0.595728
-1,0.0715096,-0.0214085,-0.741152,-1.35343,-1.61698,-1.59082,-2,-0.0214085
1,0.0264614,-0.943902,0.390236,-0.0826126,0.22726,-0.557332,2,0.0264614
-1,0.0264614,-0.943902,0.390236,-0.0826126,0.22726,-0.557332,2,-0.943902
-1,0.0466505,-0.670927,1.49312,0.982477,1.21651,0.961587,2,-0.670927
1,0.0715096,-0.0214085,-0.741152,-1.35343,-1.61698,-1.59082,-2,0.0715096
-1,0.524329,-0.0364819,-0.374258,-1.18778,-0.0997757,0.303298,-2,-0.0364819
1,0.0164396,-0.880562,1.74897,1.43776,1.53658,1.4656,2,0.0164396
1,0.0532955,-0.58051,-0.410559,-0.239871,0.367613,0.209902,2,0.0532955
1,0.0299658,-0.40761,-0.561643,-0.632224,-0.594391,-0.787523,2,0.0299658
1,0.0124751,-0.706023,0.550955,0.214882,-0.0933926,-0.584159,2,0.0124751
1,0.0769476,-0.531256,-1.2988,-0.987394,-0.874768,-0.72368,-2,0.0769476
-1,0.0151994,-0.332446,0.559033,1.05788,1.74966,1.40557,-2,-0.332446
1,0.0365477,-0.133918,-0.751263,-1.31661,-1.06316,-1.16889,2,0.0365477
1,0.0151994,-0.332446,0.559033,1.05788,1.74966,1.40557,-2,0.0151994
-1,0.109083,-0.0311776,0.15532,-0.336857,-0.227539,-0.622587,-2,-0.0311776
1,0.0404491,-0.467129,-0.973737,-1.33823,-1.5769,-1.39244,2,0.0404491
1,0.0415038,-0.387686,-0.110775,-0.386375,-0.668487,-0.688856,2,0.0415038
1,0.020237,-0.890038,0.604086,0.334879,0.439938,0.450366,-2,0.020237
1,0.0608733,-0.205308,1.8178,1.44749,1.77159,1.67466,2,0.0608733
-1,0.778661,-0.135091,1.64448,1.72669,1.73193,1.74697,2,-0.135091
1,0.10764,-0.157088,1.33235,1.84869,0.995757,1.75129,2,0.10764
-1,0.020237,-0.890038,0.604086,0.334879,0.439938,0.450366,-2,-0.890038
1,0.77887,-0.0187546,0.0941156,-0.518537,0.301477,0.597055,-2,0.77887
1,0.109083,-0.0311776,0.15532,-0.336857,-0.227539,-0.622587,-2,0.109083
-1,0.0124751,-0.706023,0.550955,0.214882,-0.0933926,-0.584159,2,-0.706023
-1,0.012575,-0.743899,1.02431,0.45985,0.706719,0.39286,-2,-0.743899
1,0.012575,-0.743899,1.02431,0.45985,0.706719,0.39286,-2,0.012575
-1,0.846859,-0.0251443,1.06786,0.856555,0.823601,0.879516,1,-0.0251443
-1,0.730092,-0.0903345,-0.857638,-0.67631,-0.647467,-0.212328,2,-0.0903345
-1,0.77887,-0.0187546,0.0941156,-0.518537,0.301477,0.597055,-2,-0.0187546
-1,0.0365477,-0.133918,-0.751263,-1.31661,-1.06316,-1.16889,2,-0.133918
-1,0.521744,-0.0958045,1.67185,1.50252,1.7096,1.52385,2,-0.0958045
-1,0.303828,-0.124253,-0.378759,0.280602,-0.102151,0.283102,-2,-0.124253
1,0.139333,-0.20717,-1.47927,-1.54879,-1.40076,-1.44527,-2,0.139333
1,0.0479881,-0.347786,1.27882,1.62677,1.35605,1.47185,-2,0.0479881
-1,0.271956,-0.158438,-0.016426,-0.71263,-0.0471167,-0.289478,2,-0.158438
-1,0.273605,-0.110849,-0.0407948,1.72196,-0.0480692,1.71924,2,-0.110849
1,0.465765,-0.0516185,1.53414,1.47009,1.65282,1.21988,2,0.465765
1,0.846859,-0.0251443,1.06786,0.856555,0.823601,0.879516,1,0.846859
-1,0.0495696,-0.837784,-1.54941,-1.36575,-1.44007,-1.69673,-2,-0.837784
-1,0.280923,-0.0828894,0.0749409,-0.858641,-1.30514,-1.74308,-2,-0.0828894
1,0.0495696,-0.837784,-1.54941,-1.36575,-1.44007,-1.69673,-2,0.0495696
1,0.0870753,-0.525389,1.32559,1.06169,1.57319,0.799382,2,0.0870753
1,0.113274,-0.907289,-1.06038,-1.16206,-0.665538,-0.73082,2,0.113274
-1,0.36613,-0.129263,-0.653797,0.489539,0.273364,1.37846,-2,-0.129263
-1,0.858621,-0.199556,-1.65132,-1.3213,-1.11395,-0.690867,-2,-0.199556
1,0.0712515,-0.648571,-1.86009,-1.48054,-1.41368,-1.44134,-2,0.0712515
-1,0.616895,-0.144966,1.44718,1.85046,2.00213,1.54869,2,-0.144966
-1,0.885722,-0.16718,0.91196,1.47523,0.851684,1.51246,2,-0.16718
1,0.190011,-0.743295,0.334917,-1.0698,-0.659789,-1.31303,-2,0.190011
-1,0.10764,-0.157088,1.33235,1.84869,0.995757,1.75129,2,-0.157088
1,0.331108,-0.64979,-0.977965,0.250045,-0.0101125,0.952294,1,0.331108
1,0.144987,-0.294393,-1.41785,-1.23222,-1.15309,-0.439188,2,0.144987
-1,0.540301,-0.0777332,0.223157,1.44572,0.623051,1.2225,2,-0.0777332
1,0.121498,-0.3938,0.543297,0.752595,1.22234,1.18208,2,0.121498
-1,0.485148,-0.19185,-1.33377,-1.23373,-1.16245,-0.910539,-2,-0.19185
-1,0.209703,-0.0536482,-0.00816724,1.21706,0.624774,1.36264,-2,-0.0536482
1,0.612136,-0.942133,0.489779,1.43753,0.832181,1.56978,-2,0.612136
-1,0.0668919,-0.468355,1.11413,0.752074,1.70055,0.530474,2,-0.468355
1,0.562833,-0.33758,1.57312,1.32132,1.63222,1.19046,2,0.562833
-1,0.465765,-0.0516185,1.53414,1.47009,1.65282,1.21988,2,-0.0516185
1,0.170555,-0.370728,0.311396,0.232845,0.568958,0.3215,-2,0.170555
1,0.14192,-0.700095,-0.716531,-1.1373,-0.322343,-0.590656,2,0.14192
-1,0.410803,-0.10927,1.26012,1.4349,1.18369,1.37759,-2,-0.10927
1,0.134198,-0.305734,1.26735,1.61879,1.0593,1.17411,2,0.134198
-1,0.834165,-0.521737,0.414563,0.485048,0.553399,0.486917,-2,-0.521737
1,0.0968637,-0.438903,-0.970919,-1.07876,-1.58717,-1.71496,2,0.0968637
1,0.130177,-0.71668,1.60261,1.39242,1.44261,0.497665,2,0.130177
1,0.122825,-0.568332,-1.84309,-1.76436,-1.57351,-1.1752,-2,0.122825
1,0.488451,-0.528099,-0.0744896,-0.680965,-0.814439,-1.01311,2,0.488451
-1,0.440846,-0.0830946,-0.765038,-0.841994,-0.196003,-0.456497,-2,-0.0830946
-1,0.301884,-0.158483,0.815691,0.521889,0.664333,0.632317,2,-0.158483
-1,0.263168,-0.349676,0.106128,-0.160353,-1.21231,-1.44413,-2,-0.349676
-1,0.116288,-0.27196,0.240158,1.47428,0.994588,1.14955,2,-0.27196
-1,0.250647,-0.150335,-1.71319,-1.6596,-1.64347,-1.61192,-2,-0.150335
-1,0.477626,-0.441564,-0.0769536,0.804838,0.47504,-0.627301,-2,-0.441564
1,0.269751,-0.656686,0.210486,0.720459,0.149103,1.04866,-2,0.269751
-1,0.782695,-0.124412,-0.509397,-1.39737,-0.912682,-1.28516,2,-0.124412
-1,0.304245,-0.278363,0.0121132,-0.301566,0.309754,-0.105719,2,-0.278363
-1,0.700612,-0.170476,1.77748,1.43144,1.43316,0.859073,2,-0.170476
-1,0.567246,-0.298298,-0.996963,-0.950146,-0.400942,-0.361186,2,-0.298298
-1,0.139333,-0.20717,-1.47927,-1.54879,-1.40076,-1.44527,-2,-0.20717
-1,0.363451,-0.275426,-0.198523,1.41791,0.85111,1.7256,-2,-0.275426
1,0.19132,-0.789523,-1.29657,-0.890425,-1.13063,-0.359032,-2,0.19132
1,0.181073,-0.615752,-0.363529,-0.185854,-0.0681913,0.192734,-2,0.181073
-1,0.838845,-0.154152,1.36907,1.54136,1.36144,1.34219,2,-0.154152
-1,0.172659,-0.154838,1.28868,1.2538,1.33274,0.990092,1,-0.154838
-1,0.383786,-0.291499,0.559299,0.844822,0.929402,1.02849,2,-0.291499
1,0.149355,-0.71609,-1.86673,-1.64462,-1.44315,-1.74159,-2,0.149355
1,0.326057,-0.933902,1.9305,1.93047,1.49491,0.986024,2,0.326057
-1,0.865871,-0.507464,-0.305989,0.749571,0.754748,1.24494,-2,-0.507464
-1,0.530685,-0.240423,1.0764,1.14196,1.30124,1.63408,2,-0.240423
-1,0.718649,-0.0455124,1.07752,1.2488,1.25012,1.00488,1,-0.0455124
-1,0.845445,-0.470073,1.25045,1.01292,1.21137,0.532778,2,-0.470073
1,0.216214,-0.253896,0.0477144,-0.712738,-1.2203,-1.66918,2,0.216214
1,0.283555,-0.119352,1.82574,1.18039,1.79462,1.00533,2,0.283555
1,0.172659,-0.154838,1.28868,1.2538,1.33274,0.990092,1,0.172659
-1,0.488451,-0.528099,-0.0744896,-0.680965,-0.814439,-1.01311,2,-0.528099
1,0.304245,-0.278363,0.0121132,-0.301566,0.309754,-0.105719,2,0.304245
-1,0.398588,-0.480556,0.619662,-2.01556,0.422981,-0.250316,2,-0.480556
-1,0.986658,-0.315456,-0.774268,-0.47786,-0.24737,0.490975,-2,-0.315456
1,0.477626,-0.441564,-0.0769536,0.804838,0.47504,-0.627301,-2,0.477626
-1,0.31767,-0.170215,-0.181396,1.0982,1.08555,1.38004,-2,-0.170215
1,0.493337,-0.0785706,-1.17158,-0.256655,-1.71655,0.751782,2,0.493337
-1,0.505204,-0.101504,0.770221,0.795314,1.28473,1.16119,-2,-0.101504
-1,0.609523,-0.192144,-0.51481,0.687913,-0.342279,0.479737,-2,-0.192144
-1,0.53722,-0.16791,1.28015,0.579474,0.653304,0.563359,2,-0.16791
-1,0.421434,-0.192722,1.55355,1.19727,1.44822,1.20752,2,-0.192722
1,0.163446,-0.192614,0.71022,1.43656,1.17298,1.27687,2,0.163446
1,0.183109,-0.794002,1.71342,1.98868,1.33104,1.74023,-2,0.183109
-1,0.216214,-0.253896,0.0477144,-0.712738,-1.2203,-1.66918,2,-0.253896
-1,0.0608733,-0.205308,1.8178,1.44749,1.77159,1.67466,2,-0.205308
1,0.271956,-0.158438,-0.016426,-0.71263,-0.0471167,-0.289478,2,0.271956
-1,0.269112,-0.267037,1.07604,0.934313,1.07736,0.823993,2,-0.267037
1,0.280452,-0.909775,-0.649865,-0.282364,0.0241819,0.0336703,-2,0.280452
-1,0.502951,-0.186732,1.48687,0.818895,0.0499135,-1.48463,1,-0.186732
1,0.208843,-0.26743,0.900663,1.04498,0.988193,1.27126,-2,0.208843
-1,0.313207,-0.189386,0.851961,1.82613,1.81531,1.75808,-2,-0.189386
1,0.174798,-0.519762,-0.781218,-1.13665,-1.57957,-1.7846,-2,0.174798
-1,0.667972,-0.181506,0.908123,1.02642,1.06572,0.984692,-2,-0.181506
-1,0.333418,-0.311378,0.470537,-0.229112,-0.675751,-1.48417,2,-0.311378
1,0.876472,-0.0144251,0.984921,0.856544,0.863543,0.918653,2,0.876472
1,0.269112,-0.267037,1.07604,0.934313,1.07736,0.823993,2,0.269112
-1,0.98342,-0.575354,1.72792,0.737022,-0.202844,-0.800381,2,-0.575354
-1,0.876472,-0.0144251,0.984921,0.856544,0.863543,0.918653,2,-0.0144251
1,0.333418,-0.311378,0.470537,-0.229112,-0.675751,-1.48417,2,0.333418
1,0.277174,-0.894322,-0.981673,-1.04021,-0.794066,-0.4989,2,0.277174
-1,0.163446,-0.192614,0.71022,1.43656,1.17298,1.27687,2,-0.192614
1,0.0434119,-0.153592,1.56459,1.5943,1.26691,1.5833,1,0.0434119
-1,0.797552,-0.360375,0.457511,0.667117,1.14708,1.21802,2,-0.360375
1,0.243185,-0.609226,-0.256645,0.142995,0.177783,0.877597,2,0.243185
-1,0.435746,-0.238664,-1.86966,-1.79377,-1.2754,-1.30288,-2,-0.238664
1,0.363451,-0.275426,-0.198523,1.41791,0.85111,1.7256,-2,0.363451
-1,0.24545,-0.241504,-1.31108,-1.42549,-1.04051,-0.962537,2,-0.241504
1,0.24545,-0.241504,-1.31108,-1.42549,-1.04051,-0.962537,2,0.24545
-1,0.654101,-0.112703,1.35151,1.56715,1.68752,1.77857,2,-0.112703
1,0.280923,-0.0828894,0.0749409,-0.858641,-1.30514,-1.74308,-2,0.280923
-1,0.251316,-0.237474,1.02497,-0.133156,0.554279,0.719309,-2,-0.237474
1,0.453556,-0.749089,1.70842,1.27971,1.4788,0.972916,2,0.453556
-1,0.0209257,-0.815022,-0.368768,0.649167,-0.400942,-1.36232,-2,-0.815022
-1,0.0457579,-0.444181,-0.0382717,-0.935749,0.758674,0.0126845,2,-0.444181
-1,0.0334459,-0.736398,1.76758,1.41421,0.811536,0.486414,2,-0.736398
1,0.899819,-0.0597375,0.297098,-0.259077,0.421351,-0.0148763,-2,0.899819
1,0.663081,-0.0687441,1.23379,1.11274,1.06369,0.432991,2,0.663081
1,0.39461,-0.0879603,1.22298,1.16747,1.20773,1.14642,2,0.39461
-1,0.0434119,-0.153592,1.56459,1.5943,1.26691,1.5833,1,-0.153592
-1,0.0967821,-0.207452,1.13833,1.27673,1.13334,1.02771,-2,-0.207452
-1,0.153221,-0.543963,1.53281,1.1033,1.12839,0.839428,2,-0.543963
-1,0.123036,-0.910998,0.409489,0.739394,-1.08237,0.221378,2,-0.910998
-1,0.905566,-0.0194021,1.01325,1.6281,1.54416,1.55968,-2,-0.0194021
-1,0.102106,-0.0132689,1.88536,1.50918,1.73909,1.58918,2,-0.0132689
1,0.0863835,-0.388993,-1.42336,-0.924161,-0.745374,-0.926031,-2,0.0863835
1,0.102106,-0.0132689,1.88536,1.50918,1.73909,1.58918,2,0.102106
1,0.704807,-0.0523075,1.75438,1.36547,1.44447,1.35322,2,0.704807
1,0.384074,-0.0584602,0.115097,1.07791,1.46169,2.00486,2,0.384074
-1,0.146329,-0.656907,1.30897,1.45454,1.70669,1.61672,2,-0.656907
1,0.905566,-0.0194021,1.01325,1.6281,1.54416,1.55968,-2,0.905566
1,0.271749,-0.176222,-0.35712,1.44713,0.927515,0.461754,-2,0.271749
1,0.068446,-0.323309,0.5793,0.0653724,-0.272358,-0.817847,-2,0.068446
1,0.0573182,-0.865757,-1.16423,-1.88947,-1.45217,-1.69691,-2,0.0573182
-1,0.313111,-0.0341918,0.577133,0.824191,0.970465,1.44212,-2,-0.0341918
1,0.0977542,-0.616814,-0.700081,0.296661,-0.484535,-0.374385,-2,0.0977542
-1,0.384074,-0.0584602,0.115097,1.07791,1.46169,2.00486,2,-0.0584602
-1,0.704807,-0.0523075,1.75438,1.36547,1.44447,1.35322,2,-0.0523075
1,0.0970104,-0.953065,-0.303324,-0.309718,0.746006,0.603611,-2,0.0970104
1,0.112751,-0.692466,-1.24494,-1.34626,-1.09017,-1.02264,2,0.112751
-1,0.0202044,-0.591091,-1.36791,-1.77899,-1.19639,-1.06457,-2,-0.591091
1,0.553437,-0.0313982,-0.39358,0.102974,-0.661333,0.574169,-2,0.553437
-1,0.383109,-0.0235809,0.705374,0.785923,0.858497,0.812432,-2,-0.0235809
1,0.0202044,-0.591091,-1.36791,-1.77899,-1.19639,-1.06457,-2,0.0202044
1,0.11829,-0.699102,1.78497,1.65857,1.00178,0.924009,2,0.11829
-1,0.553437,-0.0313982,-0.39358,0.102974,-0.661333,0.574169,-2,-0.0313982
1,0.0689074,-0.298674,1.47385,1.08594,1.17327,1.00026,2,0.0689074
-1,0.475664,-0.0627716,-0.361544,1.02973,0.345856,1.22398,2,-0.0627716
1,0.0714445,-0.101383,-0.339057,0.643131,-0.711648,1.02149,1,0.0714445
1,0.105467,-0.922559,0.912795,0.840193,0.615508,0.589285,2,0.105467
1,0.216846,-0.654247,-1.30639,-0.892232,-0.896644,-0.631527,-2,0.216846
-1,0.784123,-0.183864,-1.45061,-1.38228,-1.13564,-1.07951,2,-0.183864
-1,0.431068,-0.0713005,-1.05446,-1.00645,-0.957679,-0.628537,-2,-0.0713005
-1,0.404123,-0.172085,-1.06747,-1.1262,-1.05164,-0.886005,2,-0.172085
-1,0.524757,-0.364034,0.927769,1.35245,-1.6104,-1.75977,2,-0.364034
1,0.383786,-0.291499,0.559299,0.844822,0.929402,1.02849,2,0.383786
1,0.250647,-0.150335,-1.71319,-1.6596,-1.64347,-1.61192,-2,0.250647
-1,0.663081,-0.0687441,1.23379,1.11274,1.06369,0.432991,2,-0.0687441
-1,0.704503,-0.190559,-1.46136,-1.76188,-1.41643,-1.4802,-2,-0.190559
-1,0.662427,-0.354428,-0.211601,-0.248226,0.0227344,1.28836,-2,-0.354428
1,0.251316,-0.237474,1.02497,-0.133156,0.554279,0.719309,-2,0.251316
1,0.250651,-0.751518,1.41678,1.00707,0.883085,0.502815,2,0.250651
1,0.237633,-0.498407,-0.0119129,1.68525,1.14378,0.522493,2,0.237633
1,0.184243,-0.489536,1.28473,1.8935,1.13574,1.7428,2,0.184243
1,0.512326,-0.851213,1.0885,1.41829,1.359,1.52042,-2,0.512326
1,0.409645,-0.737229,-0.156622,0.155574,0.893223,1.40036,1,0.409645
1,0.602438,-0.392547,-1.74635,-0.791482,-0.782296,-0.21669,-2,0.602438
1,0.394958,-0.0352031,1.89908,1.42377,1.78364,1.07158,2,0.394958
-1,0.74021,-0.691716,1.07717,1.06559,1.14535,1.484,2,-0.691716
-1,0.241141,-0.416923,-1.30357,-1.05792,-0.530029,-0.682144,-2,-0.416923
-1,0.208843,-0.26743,0.900663,1.04498,0.988193,1.27126,-2,-0.26743
-1,0.0517845,-0.389156,1.26833,1.00865,1.14985,1.27129,2,-0.389156
1,0.0334459,-0.736398,1.76758,1.41421,0.811536,0.486414,2,0.0334459
-1,0.486234,-0.0778821,1.56195,1.53986,1.57013,1.42002,2,-0.0778821
1,0.0209257,-0.815022,-0.368768,0.649167,-0.400942,-1.36232,-2,0.0209257
-1,0.744108,-0.0933598,1.24922,1.25604,1.8658,1.68651,2,-0.0933598
1,0.273605,-0.110849,-0.0407948,1.72196,-0.0480692,1.71924,2,0.273605
-1,0.0714445,-0.101383,-0.339057,0.643131,-0.711648,1.02149,1,-0.101383
-1,0.543581,-0.235817,-1.35534,-0.926336,-0.859455,-0.129643,-2,-0.235817
-1,0.987246,-0.26204,-0.800646,-0.395986,-0.822817,0.136446,2,-0.26204
-1,0.472264,-0.253414,0.463575,0.315902,0.947886,0.785948,2,-0.253414
-1,0.838273,-0.0778705,1.31577,1.54276,1.57712,1.20201,2,-0.0778705
-1,0.514879,-0.247119,0.923145,1.0443,1.3886,1.21581,-2,-0.247119
1,0.255912,-0.399223,0.862375,0.798578,0.747307,1.02188,-2,0.255912
1,0.303828,-0.124253,-0.378759,0.280602,-0.102151,0.283102,-2,0.303828
-1,0.144987,-0.294393,-1.41785,-1.23222,-1.15309,-0.439188,2,-0.294393
-1,0.55283,-0.363265,0.646703,1.09786,1.35972,1.28408,2,-0.363265
-1,0.586105,-0.4356,1.03803,1.59036,1.03684,0.293386,2,-0.4356
1,0.302058,-0.52071,-1.31475,-1.86617,-1.77611,-2.01447,2,0.302058
1,0.541037,-0.643987,1.00521,0.578047,0.691871,0.552688,2,0.541037
1,0.0981351,-0.974942,-0.536217,-0.271924,0.547233,0.161147,-2,0.0981351
1,0.171868,-0.289007,0.448342,0.482809,1.43485,1.08404,-2,0.171868
1,0.426443,-0.139185,-1.55353,-2.0261,-1.81341,-1.74743,-2,0.426443
-1,0.775076,-0.323509,-1.45269,-1.28688,-1.41442,-1.58097,-2,-0.323509
-1,0.899819,-0.0597375,0.297098,-0.259077,0.421351,-0.0148763,-2,-0.0597375
1,0.209703,-0.0536482,-0.00816724,1.21706,0.624774,1.36264,-2,0.209703
-1,0.283155,-0.200835,0.994494,1.98486,1.61263,1.94164,2,-0.200835
1,0.558425,-0.987802,0.914104,0.991354,0.939129,1.20361,-2,0.558425
1,0.232539,-0.575641,1.55238,1.88571,1.84252,1.56343,2,0.232539
-1,0.830988,-0.334252,-1.82144,-1.7996,-1.7805,-1.81659,-2,-0.334252
1,0.74021,-0.691716,1.07717,1.06559,1.14535,1.484,2,0.74021
-1,0.045742,-0.752289,0.882995,0.354006,0.84067,0.569825,2,-0.752289
1,0.172879,-0.202319,0.627639,0.485433,0.691355,0.812475,2,0.172879
-1,0.479568,-0.298072,1.43389,1.2467,1.8718,1.01509,2,-0.298072
1,0.631427,-0.0646863,-0.115234,-0.642961,0.485504,-1.21589,2,0.631427
1,0.267864,-0.883749,-1.4505,-1.70846,-1.97286,-1.95172,2,0.267864
1,0.301884,-0.158483,0.815691,0.521889,0.664333,0.632317,2,0.301884
1,0.274672,-0.709138,-0.319272,0.38615,0.17843,0.582074,-2,0.274672
-1,0.549806,-0.458818,-0.652342,-1.02242,-0.271919,-0.397013,-2,-0.458818
1,0.618727,-0.900784,0.657836,0.0395267,0.697313,0.575381,2,0.618727
-1,0.486239,-0.130674,1.53461,1.39636,1.54572,1.40181,2,-0.130674
1,0.0457579,-0.444181,-0.0382717,-0.935749,0.758674,0.0126845,2,0.0457579
1,0.320972,-0.878103,1.32132,1.56333,1.60481,1.75962,-2,0.320972
1,0.284359,-0.295209,-0.972109,-1.02124,-0.958955,-0.713313,2,0.284359
1,0.369426,-0.519007,-1.70024,-1.66397,-1.67742,-1.40977,2,0.369426
-1,0.799527,-0.650917,1.11687,-0.516944,-1.55619,-1.60091,2,-0.650917
-1,0.0929828,-0.655016,0.397666,0.0719172,-0.53647,-0.65877,-2,-0.655016
-1,0.552875,-0.458557,-0.0930381,1.38461,1.04441,1.59492,-2,-0.458557
1,0.217468,-0.48645,-1.23363,-1.46562,-1.52903,-1.44183,2,0.217468
1,0.0634605,-0.186854,1.18694,0.828386,1.06362,0.612013,1,0.0634605
1,0.166933,-0.385158,0.720643,1.90158,1.80273,1.7317,2,0.166933
1,0.310501,-0.889662,1.24818,1.18895,0.907871,0.604184,1,0.310501
1,0.350879,-0.449179,-1.55457,-1.33605,-1.35338,-1.19805,-2,0.350879
-1,0.771157,-0.473049,0.596715,0.660984,0.987817,0.843572,-2,-0.473049
-1,0.817836,-0.319601,1.41063,1.37506,1.19814,1.23674,2,-0.319601
1,0.311646,-0.489349,-0.589689,-1.19376,-1.37474,-1.42305,-2,0.311646
1,0.567985,-0.710753,-1.07931,-1.23248,-0.51507,-0.916628,2,0.567985
-1,0.760756,-0.315129,-0.961509,-0.784117,-0.652588,-0.262024,2,-0.315129
-1,0.284359,-0.295209,-0.972109,-1.02124,-0.958955,-0.713313,2,-0.295209
-1,0.223388,-0.833225,1.07108,0.509843,-0.341581,-0.492716,2,-0.833225
1,0.239466,-0.286215,-0.752712,-1.11882,-0.745451,0.159089,2,0.239466
-1,0.809986,-0.24655,0.0880596,-0.453901,-1.36365,-1.41664,2,-0.24655
-1,0.0695814,-0.671295,-1.13776,-1.3108,-1.21474,0.796137,-2,-0.671295
-1,0.877995,-0.134787,-0.27681,0.135417,0.59688,1.07691,2,-0.134787
1,0.268103,-0.635014,0.979697,0.541795,0.862609,0.570378,2,0.268103
1,0.245149,-0.269236,0.75157,0.458447,0.864385,0.140924,2,0.245149
1,0.251181,-0.549218,-0.0303586,-0.730249,-1.14868,-1.81652,-2,0.251181
-1,0.39461,-0.0879603,1.22298,1.16747,1.20773,1.14642,2,-0.0879603
-1,0.722668,-0.178206,1.43569,1.18573,0.881359,0.484892,2,-0.178206
-1,0.534857,-0.173302,-0.556563,-0.975547,-1.38138,-1.415,-2,-0.173302
-1,0.473171,-0.352429,1.1817,1.22202,1.41086,1.16608,-2,-0.352429
-1,0.170555,-0.370728,0.311396,0.232845,0.568958,0.3215,-2,-0.370728
1,0.31767,-0.170215,-0.181396,1.0982,1.08555,1.38004,-2,0.31767
1,0.495341,-0.519913,-0.0225686,-0.336645,-0.0939756,-0.141051,-2,0.495341
-1,0.172879,-0.202319,0.627639,0.485433,0.691355,0.812475,2,-0.202319
-1,0.756953,-0.422951,1.32636,1.46272,1.63131,0.983054,2,-0.422951
1,0.302714,-0.886609,-0.502634,-0.603521,-0.489338,-0.734214,-2,0.302714
1,0.123036,-0.910998,0.409489,0.739394,-1.08237,0.221378,2,0.123036
1,0.313207,-0.189386,0.851961,1.82613,1.81531,1.75808,-2,0.313207
1,0.468676,-0.67879,1.51185,1.23902,0.870095,-0.418551,2,0.468676
1,0.573427,-0.858119,0.90591,0.64965,-0.0905521,-0.792428,2,0.573427
-1,0.485103,-0.40781,-1.33998,-0.895575,-1.5261,-0.395851,-2,-0.40781
1,0.478268,-0.726798,1.6003,1.48763,1.18991,0.222455,2,0.478268
-1,0.134198,-0.305734,1.26735,1.61879,1.0593,1.17411,2,-0.305734
-1,0.827457,-0.746741,0.329107,-1.22303,0.951419,0.326977,2,-0.746741
1,0.729312,-0.319598,-0.928545,0.346522,-1.21459,0.980286,-2,0.729312
1,0.718712,-0.17576,1.24437,0.681948,1.13686,0.769908,2,0.718712
1,0.296158,-0.765737,1.44037,1.3725,1.45854,1.28606,2,0.296158
1,0.183259,-0.999154,0.659601,0.780175,-0.216046,-0.91248,2,0.183259
1,0.262394,-0.368692,0.167817,-0.124319,1.03883,0.570449,2,0.262394
-1,0.245149,-0.269236,0.75157,0.458447,0.864385,0.140924,2,-0.269236
-1,0.795416,-0.17539,-1.34383,-0.501513,-0.413726,-0.159807,-2,-0.17539
-1,0.358155,-0.222275,1.19738,0.786933,1.12991,1.01109,1,-0.222275
1,0.234684,-0.648654,-0.475124,-0.512254,-0.862043,-1.44641,-2,0.234684
-1,0.068446,-0.323309,0.5793,0.0653724,-0.272358,-0.817847,-2,-0.323309
1,0.36613,-0.129263,-0.653797,0.489539,0.273364,1.37846,-2,0.36613
-1,0.521383,-0.290402,-0.417409,-0.843309,-0.161384,-1.11527,2,-0.290402
1,0.296984,-0.833989,1.36384,1.3159,1.28355,1.52885,2,0.296984
1,0.323021,-0.456897,1.1983,0.616872,1.06793,1.05152,-2,0.323021
-1,0.453848,-0.234046,-1.73077,-1.42492,-1.37999,-1.12567,2,-0.234046
1,0.0967821,-0.207452,1.13833,1.27673,1.13334,1.02771,-2,0.0967821
1,0.164167,-0.66781,0.605492,0.93259,0.909528,0.859166,2,0.164167
-1,0.0299658,-0.40761,-0.561643,-0.632224,-0.594391,-0.787523,2,-0.40761
1,0.519992,-0.145995,1.66789,1.73825,1.92842,1.91894,-2,0.519992
-1,0.885667,-0.397744,1.8509,1.78676,1.56244,1.63263,2,-0.397744
1,0.306691,-0.872923,1.29638,1.6082,1.30408,1.37668,2,0.306691
-1,0.495341,-0.519913,-0.0225686,-0.336645,-0.0939756,-0.141051,-2,-0.519913
1,0.512676,-0.205312,-0.513183,-0.637759,0.152772,-0.192763,-2,0.512676
1,0.122941,-0.972524,1.28728,1.692,1.55296,1.63292,-2,0.122941
-1,0.611287,-0.265885,0.662604,0.256167,0.11899,-0.705507,2,-0.265885
-1,0.541037,-0.643987,1.00521,0.578047,0.691871,0.552688,2,-0.643987
-1,0.898561,-0.792801,1.70732,0.996873,1.34897,1.03588,2,-0.792801
-1,0.422325,-0.739082,0.0709938,1.31515,0.951174,1.09877,2,-0.739082
-1,0.612136,-0.942133,0.489779,1.43753,0.832181,1.56978,-2,-0.942133
-1,0.239466,-0.286215,-0.752712,-1.11882,-0.745451,0.159089,2,-0.286215
1,0.317096,-0.936324,1.52494,0.8853,-0.299355,-1.002,2,0.317096
-1,0.634852,-0.398277,1.75114,1.72156,1.88405,1.49586,2,-0.398277
-1,0.478531,-0.38928,1.43784,1.11418,1.09432,0.757469,2,-0.38928
1,0.895053,-0.0808306,-0.0146959,-0.352385,0.64013,-0.427191,2,0.895053
1,0.283155,-0.200835,0.994494,1.98486,1.61263,1.94164,2,0.283155
1,0.188867,-0.500659,-0.784971,-0.00165149,-0.190512,0.561613,2,0.188867
-1,0.549461,-0.367144,0.742541,0.787977,0.789954,-0.209748,2,-0.367144
1,0.166564,-0.953171,1.48017,1.7611,1.40003,1.64305,2,0.166564
1,0.457552,-0.602135,1.02333,0.588059,0.911205,0.72557,-2,0.457552
1,0.834165,-0.521737,0.414563,0.485048,0.553399,0.486917,-2,0.834165
1,0.549806,-0.458818,-0.652342,-1.02242,-0.271919,-0.397013,-2,0.549806
1,0.0982755,-0.0270948,0.304865,0.0690128,-0.339113,-0.728762,-2,0.0982755
1,0.563343,-0.018593,0.670612,0.779519,-0.0373671,-0.754799,1,0.563343
1,0.627566,-0.0608131,1.0677,0.997049,0.823346,0.885953,-2,0.627566
-1,0.0982755,-0.0270948,0.304865,0.0690128,-0.339113,-0.728762,-2,-0.0270948
-1,0.0745741,-0.662858,-1.09,-0.311429,-0.849865,-0.0517693,2,-0.662858
1,0.378942,-0.167994,1.67618,1.48317,1.74236,1.67132,2,0.378942
1,0.551137,-0.1107,1.02263,0.884062,1.28769,0.884396,-2,0.551137
-1,0.0634605,-0.186854,1.18694,0.828386,1.06362,0.612013,1,-0.186854
1,0.509209,-0.0900906,1.36169,1.57756,1.22703,0.787428,2,0.509209
-1,0.139942,-0.732532,-1.70646,-0.318988,-0.58305,1.02694,-2,-0.732532
-1,0.115323,-0.61666,0.512533,1.22999,0.601073,1.43301,2,-0.61666
1,0.383109,-0.0235809,0.705374,0.785923,0.858497,0.812432,-2,0.383109
1,0.838273,-0.0778705,1.31577,1.54276,1.57712,1.20201,2,0.838273
1,0.431068,-0.0713005,-1.05446,-1.00645,-0.957679,-0.628537,-2,0.431068
-1,0.0981351,-0.974942,-0.536217,-0.271924,0.547233,0.161147,-2,-0.974942
1,0.744108,-0.0933598,1.24922,1.25604,1.8658,1.68651,2,0.744108
1,0.486234,-0.0778821,1.56195,1.53986,1.57013,1.42002,2,0.486234
-1,0.0689074,-0.298674,1.47385,1.08594,1.17327,1.00026,2,-0.298674
1,0.313111,-0.0341918,0.577133,0.824191,0.970465,1.44212,-2,0.313111
-1,0.186779,-0.526499,0.914145,0.943837,0.976926,1.40525,2,-0.526499
1,0.836253,-0.156449,1.15466,1.46171,1.34321,1.40037,-2,0.836253
1,0.86502,-0.1679,0.557319,0.249203,-0.254208,-0.309009,-2,0.86502
-1,0.122941,-0.972524,1.28728,1.692,1.55296,1.63292,-2,-0.972524
1,0.475664,-0.0627716,-0.361544,1.02973,0.345856,1.22398,2,0.475664
1,0.09442,-0.197968,-0.860592,-0.736079,-0.887478,-0.282296,-2,0.09442
-1,0.641098,-0.221666,-0.303525,0.325597,0.539131,0.471712,2,-0.221666
1,0.138935,-0.607145,1.54963,0.798719,1.30818,0.688177,2,0.138935
1,0.211051,-0.736655,-0.676594,-0.804231,0.397885,0.00676415,-2,0.211051
-1,0.09442,-0.197968,-0.860592,-0.736079,-0.887478,-0.282296,-2,-0.197968
1,0.108092,-0.835914,-1.38701,-1.27215,-1.20276,-0.814807,-2,0.108092
1,0.265905,-0.407565,0.481544,1.36987,0.648308,1.0732,2,0.265905
-1,0.509209,-0.0900906,1.36169,1.57756,1.22703,0.787428,2,-0.0900906
-1,0.563343,-0.018593,0.670612,0.779519,-0.0373671,-0.754799,1,-0.018593
1,0.153761,-0.710502,0.642134,1.03925,0.763597,1.37966,-2,0.153761
1,0.102653,-0.160326,0.958866,1.27371,1.10095,1.3534,2,0.102653
1,0.295419,-0.609289,1.22685,1.24599,-0.120561,-1.03987,2,0.295419
1,0.155129,-0.334697,-0.392506,1.04032,-0.51074,1.14806,2,0.155129
1,0.146329,-0.656907,1.30897,1.45454,1.70669,1.61672,2,0.146329
-1,0.69068,-0.455,-1.60449,-1.60066,-1.34144,-1.29185,-2,-0.455
-1,0.467695,-0.469105,-1.13365,-1.16281,-1.55638,-1.51541,-2,-0.469105
1,0.346844,-0.550844,-1.03846,-0.426291,-0.395647,-0.325226,-2,0.346844
-1,0.664645,-0.358845,1.52368,1.12551,1.05817,0.881522,2,-0.358845
1,0.467695,-0.469105,-1.13365,-1.16281,-1.55638,-1.51541,-2,0.467695
-1,0.953531,-0.629074,0.974042,0.823387,0.15183,0.168197,-2,-0.629074
1,0.161266,-0.614384,1.33604,1.15244,0.788405,0.294567,2,0.161266
-1,0.669321,-0.0275823,-0.905132,-1.13525,-0.858932,-1.35069,2,-0.0275823
-1,0.429842,-0.0367811,-1.63655,-1.73792,-1.68805,-0.829761,-2,-0.0367811
-1,0.762086,-0.189501,-0.252511,-0.462278,-0.394272,-0.535014,2,-0.189501
1,0.115323,-0.61666,0.512533,1.22999,0.601073,1.43301,2,0.115323
1,0.170402,-0.364835,0.94444,1.3049,1.07422,1.46372,2,0.170402
-1,0.699754,-0.379126,1.07487,1.22467,1.0123,1.49933,-2,-0.379126
-1,0.754843,-0.412979,-0.846023,-1.17455,-1.9275,-1.62252,2,-0.412979
1,0.552875,-0.458557,-0.0930381,1.38461,1.04441,1.59492,-2,0.552875
1,0.310864,-0.636077,0.0929386,-0.333374,0.0487628,-0.503469,2,0.310864
-1,0.617866,-0.52141,0.176178,0.609358,0.476103,0.705748,-2,-0.52141
1,0.532415,-0.610053,-1.84815,-0.34968,-1.00091,0.16487,-2,0.532415
1,0.528987,-0.833208,1.60012,1.9373,1.90161,1.80645,-2,0.528987
1,0.524757,-0.364034,0.927769,1.35245,-1.6104,-1.75977,2,0.524757
1,0.0745741,-0.662858,-1.09,-0.311429,-0.849865,-0.0517693,2,0.0745741
-1,0.993548,-0.539401,0.0325159,-0.232563,-0.204482,0.477311,2,-0.539401
-1,0.331108,-0.64979,-0.977965,0.250045,-0.0101125,0.952294,1,-0.64979
-1,0.670453,-0.479108,-1.25772,-1.02263,-0.914583,-0.536348,-2,-0.479108
1,0.26005,-0.692037,-0.926946,-0.119394,-0.438971,-0.633973,-2,0.26005
1,0.567246,-0.298298,-0.996963,-0.950146,-0.400942,-0.361186,2,0.567246
1,0.207866,-0.433424,-0.800064,0.23226,-0.0440401,0.227788,2,0.207866
-1,0.641449,-0.321858,-0.306263,1.10269,-0.945922,-1.18947,-2,-0.321858
-1,0.0863835,-0.388993,-1.42336,-0.924161,-0.745374,-0.926031,-2,-0.388993
1,0.296027,-0.797334,0.658147,-0.00526217,0.0476346,-0.4993,2,0.296027
-1,0.988101,-0.192403,1.0334,1.3943,1.28515,1.54177,2,-0.192403
-1,0.171868,-0.289007,0.448342,0.482809,1.43485,1.08404,-2,-0.289007
-1,0.350879,-0.449179,-1.55457,-1.33605,-1.35338,-1.19805,-2,-0.449179
-1,0.930842,-0.444179,-0.483997,-0.195914,0.116597,0.0847298,2,-0.444179
1,0.485103,-0.40781,-1.33998,-0.895575,-1.5261,-0.395851,-2,0.485103
1,0.524329,-0.0364819,-0.374258,-1.18778,-0.0997757,0.303298,-2,0.524329
-1,0.891888,-0.462549,-0.200896,0.52005,1.76855,1.3845,-2,-0.462549
1,0.319928,-0.949796,-0.634284,-0.913739,-1.43324,-0.982963,-2,0.319928
-1,0.121498,-0.3938,0.543297,0.752595,1.22234,1.18208,2,-0.3938
-1,0.848013,-0.344009,1.2399,0.960786,1.37585,1.02035,2,-0.344009
1,0.421434,-0.192722,1.55355,1.19727,1.44822,1.20752,2,0.421434
-1,0.951934,-0.763819,1.06272,0.228111,0.761953,0.487718,-2,-0.763819
1,0.581481,-0.74089,-0.805017,-1.85354,-1.29572,-1.50412,-2,0.581481
-1,0.654638,-0.565693,-1.66834,-1.71366,-1.0462,-1.0207,-2,-0.565693
1,0.586105,-0.4356,1.03803,1.59036,1.03684,0.293386,2,0.586105
-1,0.448779,-0.258806,-0.974742,-1.32695,-1.37832,-1.66271,2,-0.258806
1,0.827457,-0.746741,0.329107,-1.22303,0.951419,0.326977,2,0.827457
1,0.174323,-0.255712,-0.885418,-0.248793,-0.35243,0.250719,2,0.174323
-1,0.934249,-0.250345,1.92619,1.42668,1.77848,1.49511,2,-0.250345
-1,0.255912,-0.399223,0.862375,0.798578,0.747307,1.02188,-2,-0.399223
1,0.816595,-0.856463,0.743933,1.75853,1.64221,1.60346,-2,0.816595
1,0.485148,-0.19185,-1.33377,-1.23373,-1.16245,-0.910539,-2,0.485148
-1,0.865889,-0.83422,0.0704325,-0.853238,-0.298489,-0.961092,-2,-0.83422
-1,0.793176,-0.183759,-1.55703,-1.26942,-1.06013,-1.09177,-2,-0.183759
-1,0.627566,-0.0608131,1.0677,0.997049,0.823346,0.885953,-2,-0.0608131
-1,0.767822,-0.40449,-1.08951,-1.73711,-1.42538,-1.48223,2,-0.40449
1,0.153221,-0.543963,1.53281,1.1033,1.12839,0.839428,2,0.153221
-1,0.39558,-0.298266,1.24921,1.54133,0.967385,0.836298,2,-0.298266
1,0.314314,-0.404312,1.70774,1.43072,1.50621,1.55611,2,0.314314
1,0.4746,-0.684548,-1.12202,-1.30664,-1.23493,-1.19568,-2,0.4746
1,0.40957,-0.467902,1.09185,1.73465,1.32091,1.46938,-2,0.40957
1,0.520305,-0.788725,0.953539,0.0450305,0.43873,-0.448895,2,0.520305
-1,0.839107,-0.42744,-1.07071,-1.16811,-0.992167,-0.669507,-2,-0.42744
-1,0.102653,-0.160326,0.958866,1.27371,1.10095,1.3534,2,-0.160326
1,0.435746,-0.238664,-1.86966,-1.79377,-1.2754,-1.30288,-2,0.435746
1,0.502396,-0.535347,0.806646,0.978324,1.01193,1.25369,-2,0.502396
1,0.605434,-0.812492,-1.66327,-1.5703,-1.34967,-1.37573,-2,0.605434
-1,0.718341,-0.380878,-1.6906,-1.65687,-1.80554,-1.79424,-2,-0.380878
1,0.799527,-0.650917,1.11687,-0.516944,-1.55619,-1.60091,2,0.799527
-1,0.262394,-0.368692,0.167817,-0.124319,1.03883,0.570449,2,-0.368692
1,0.249858,-0.701566,1.95964,1.78207,1.93463,1.63137,2,0.249858
1,0.0790005,-0.223084,0.976318,0.893929,1.04497,0.898361,1,0.0790005
1,0.350483,-0.625091,-1.35239,-1.37381,-1.13429,-1.28494,2,0.350483
-1,0.927382,-0.516287,0.638563,0.690172,-0.419099,-0.499197,-2,-0.516287
1,0.438098,-0.523435,-1.38721,-1.18696,-0.963267,-0.729492,-2,0.438098
-1,0.369426,-0.519007,-1.70024,-1.66397,-1.67742,-1.40977,2,-0.519007
1,0.530685,-0.240423,1.0764,1.14196,1.30124,1.63408,2,0.530685
-1,0.0769476,-0.531256,-1.2988,-0.987394,-0.874768,-0.72368,-2,-0.531256
1,0.357081,-0.706136,1.44467,1.50696,1.19582,0.89003,-2,0.357081
-1,0.925354,-0.210018,-0.545573,1.57934,-0.275792,1.51092,2,-0.210018
-1,0.672198,-0.428918,-0.965458,-1.2337,-0.577841,-0.748789,-2,-0.428918
1,0.478531,-0.38928,1.43784,1.11418,1.09432,0.757469,2,0.478531
-1,0.870372,-0.615901,-1.84798,-1.96434,-1.76341,-1.3956,-2,-0.615901
1,0.898561,-0.792801,1.70732,0.996873,1.34897,1.03588,2,0.898561
-1,0.567985,-0.710753,-1.07931,-1.23248,-0.51507,-0.916628,2,-0.710753
-1,0.373278,-0.23225,1.119,1.09334,1.08646,1.1014,2,-0.23225
1,0.175454,-0.935045,-0.328553,-0.364866,0.214584,0.0930528,2,0.175454
1,0.410803,-0.10927,1.26012,1.4349,1.18369,1.37759,-2,0.410803
1,0.55283,-0.363265,0.646703,1.09786,1.35972,1.28408,2,0.55283
1,0.419239,-0.435778,-1.93382,-1.85233,-1.78737,-1.78637,-2,0.419239
1,0.328534,-0.393097,1.1752,0.966037,1.19437,1.1725,2,0.328534
-1,0.502396,-0.535347,0.806646,0.978324,1.01193,1.25369,-2,-0.535347
1,0.203277,-0.880636,0.488329,1.57402,0.627795,1.93303,-2,0.203277
1,0.381566,-0.596535,1.84431,1.08579,1.61062,0.899684,2,0.381566
-1,0.677028,-0.44511,-1.04089,-1.03621,-0.86091,-0.503829,-2,-0.44511
-1,0.50282,-0.309004,0.950438,0.933164,0.6256,0.538648,-2,-0.309004
1,0.865889,-0.83422,0.0704325,-0.853238,-0.298489,-0.961092,-2,0.865889
1,0.473171,-0.352429,1.1817,1.22202,1.41086,1.16608,-2,0.473171
-1,0.551137,-0.1107,1.02263,0.884062,1.28769,0.884396,-2,-0.1107
-1,0.156812,-0.611428,-1.06055,-1.15574,-0.740941,-0.578846,2,-0.611428
-1,0.465157,-0.977138,1.14505,0.741164,1.28678,0.936209,2,-0.977138
1,0.865871,-0.507464,-0.305989,0.749571,0.754748,1.24494,-2,0.865871
-1,0.816595,-0.856463,0.743933,1.75853,1.64221,1.60346,-2,-0.856463
1,0.368084,-0.753913,0.201951,-0.0838118,-0.0631011,0.876144,-2,0.368084
1,0.371368,-0.916492,0.790855,0.405057,0.424408,0.0621662,-2,0.371368
-1,0.271749,-0.176222,-0.35712,1.44713,0.927515,0.461754,-2,-0.176222
-1,0.419239,-0.435778,-1.93382,-1.85233,-1.78737,-1.78637,-2,-0.435778
1,0.845445,-0.470073,1.25045,1.01292,1.21137,0.532778,2,0.845445
-1,0.265905,-0.407565,0.481544,1.36987,0.648308,1.0732,2,-0.407565
1,0.435828,-0.571202,-0.133059,-0.786847,-0.350748,-1.17634,-2,0.435828
1,0.380975,-0.955811,0.362839,0.313965,0.453647,-0.0270909,2,0.380975
1,0.479568,-0.298072,1.43389,1.2467,1.8718,1.01509,2,0.479568
-1,0.965526,-0.493082,-1.08349,-1.33894,-1.67665,-1.72106,2,-0.493082
-1,0.0532955,-0.58051,-0.410559,-0.239871,0.367613,0.209902,2,-0.58051
1,0.651258,-0.986785,0.789865,1.03053,1.06975,0.912721,-2,0.651258
1,0.470744,-0.998092,-0.346834,-0.733231,-0.0968543,-1.19925,-2,0.470744
-1,0.667745,-0.371719,0.0238864,1.30699,0.660611,1.52025,-2,-0.371719
-1,0.532415,-0.610053,-1.84815,-0.34968,-1.00091,0.16487,-2,-0.610053
1,0.242134,-0.509912,0.221132,0.288191,0.437792,0.922957,-2,0.242134
1,0.846327,-0.881227,0.686808,0.177602,0.753698,0.156682,2,0.846327
-1,0.732704,-0.443636,0.726686,0.527986,0.398994,0.245261,-2,-0.443636
-1,0.836253,-0.156449,1.15466,1.46171,1.34321,1.40037,-2,-0.156449
-1,0.40957,-0.467902,1.09185,1.73465,1.32091,1.46938,-2,-0.467902
1,0.260262,-0.564768,1.7135,1.55,1.47303,0.939559,2,0.260262
-1,0.689252,-0.50906,0.226908,0.241616,0.372887,0.391627,2,-0.50906
-1,0.825911,-0.398428,1.40458,1.39127,1.42063,1.28365,2,-0.398428
1,0.477677,-0.98766,0.943682,1.06348,1.14664,0.832745,-2,0.477677
-1,0.323021,-0.456897,1.1983,0.616872,1.06793,1.05152,-2,-0.456897
1,0.617866,-0.52141,0.176178,0.609358,0.476103,0.705748,-2,0.617866
1,0.245961,-0.746461,0.560956,0.737915,1.12376,0.828054,2,0.245961
-1,0.385873,-0.256421,-1.307,-1.37788,-1.4579,-1.23137,1,-0.256421
1,0.139942,-0.732532,-1.70646,-0.318988,-0.58305,1.02694,-2,0.139942
-1,0.311646,-0.489349,-0.589689,-1.19376,-1.37474,-1.42305,-2,-0.489349
1,0.654638,-0.565693,-1.66834,-1.71366,-1.0462,-1.0207,-2,0.654638
-1,0.453556,-0.749089,1.70842,1.27971,1.4788,0.972916,2,-0.749089
1,0.472264,-0.253414,0.463575,0.315902,0.947886,0.785948,2,0.472264
-1,0.898652,-0.451913,1.39989,1.36243,0.978446,1.03818,2,-0.451913
-1,0.0968637,-0.438903,-0.970919,-1.07876,-1.58717,-1.71496,2,-0.438903
1,0.461789,-0.863521,-1.38656,-1.02618,-1.06689,-0.477627,-2,0.461789
-1,0.846327,-0.881227,0.686808,0.177602,0.753698,0.156682,2,-0.881227
-1,0.86502,-0.1679,0.557319,0.249203,-0.254208,-0.309009,-2,-0.1679
-1,0.302058,-0.52071,-1.31475,-1.86617,-1.77611,-2.01447,2,-0.52071
-1,0.79076,-0.455297,0.146057,-0.422468,-0.643649,-1.54464,-2,-0.455297
-1,0.269751,-0.656686,0.210486,0.720459,0.149103,1.04866,-2,-0.656686
1,0.404123,-0.172085,-1.06747,-1.1262,-1.05164,-0.886005,2,0.404123
1,0.186779,-0.526499,0.914145,0.943837,0.976926,1.40525,2,0.186779
1,0.358155,-0.222275,1.19738,0.786933,1.12991,1.01109,1,0.358155
-1,0.70763,-0.483064,1.15637,0.799919,1.24612,1.23435,-2,-0.483064
1,0.523517,-0.759057,-0.129527,-0.676463,0.608866,0.612487,2,0.523517
-1,0.328534,-0.393097,1.1752,0.966037,1.19437,1.1725,2,-0.393097
-1,0.620368,-0.454932,1.99491,1.40954,1.88374,0.973655,2,-0.454932
-1,0.618727,-0.900784,0.657836,0.0395267,0.697313,0.575381,2,-0.900784
-1,0.675097,-0.456718,-0.515653,1.1074,0.116062,1.753,2,-0.456718
-1,0.457552,-0.602135,1.02333,0.588059,0.911205,0.72557,-2,-0.602135
1,0.436111,-0.733504,1.73025,1.37831,1.89405,1.32412,2,0.436111
-1,0.174323,-0.255712,-0.885418,-0.248793,-0.35243,0.250719,2,-0.255712
-1,0.534527,-0.327125,-0.118882,0.19824,0.170603,-0.0144932,-2,-0.327125
-1,0.715938,-0.415988,0.0989454,0.134966,0.853275,0.591415,2,-0.415988
-1,0.607637,-0.212094,1.17084,1.17744,1.85737,0.991972,2,-0.212094
-1,0.585505,-0.422656,-0.764447,-0.278972,0.0530586,0.596214,2,-0.422656
1,0.436489,-0.976951,1.08209,0.968746,0.921273,0.9842,2,0.436489
1,0.39558,-0.298266,1.24921,1.54133,0.967385,0.836298,2,0.39558
-1,0.438098,-0.523435,-1.38721,-1.18696,-0.963267,-0.729492,-2,-0.523435
-1,0.314314,-0.404312,1.70774,1.43072,1.50621,1.55611,2,-0.404312
-1,0.237633,-0.498407,-0.0119129,1.68525,1.14378,0.522493,2,-0.498407
1,0.557421,-0.612472,-0.909423,-0.607033,-0.177089,-0.286514,2,0.557421
1,0.521744,-0.0958045,1.67185,1.50252,1.7096,1.52385,2,0.521744
1,0.502951,-0.186732,1.48687,0.818895,0.0499135,-1.48463,1,0.502951
-1,0.67437,-0.551766,1.3313,1.23833,1.29824,1.54277,-2,-0.551766
-1,0.468676,-0.67879,1.51185,1.23902,0.870095,-0.418551,2,-0.67879
1,0.98342,-0.575354,1.72792,0.737022,-0.202844,-0.800381,2,0.98342
1,0.353468,-0.794415,1.11899,1.51603,1.39758,1.40523,-2,0.353468
1,0.322952,-0.826165,-0.64158,-0.735596,-0.671204,-0.177107,-2,0.322952
-1,0.0870753,-0.525389,1.32559,1.06169,1.57319,0.799382,2,-0.525389
-1,0.731651,-0.430699,1.0817,1.93555,1.58578,1.69227,-2,-0.430699
-1,0.944543,-0.462303,-1.43666,-0.155259,-1.17309,0.406533,-2,-0.462303
1,0.514879,-0.247119,0.923145,1.0443,1.3886,1.21581,-2,0.514879
1,0.505895,-0.54637,0.532694,0.363683,0.185209,1.02797,-2,0.505895
-1,0.558585,-0.318093,-0.218484,-0.329381,-1.45413,-1.84763,2,-0.318093
1,0.529021,-0.898459,-0.156339,-0.176861,0.716804,0.538647,2,0.529021
1,0.521221,-0.933461,1.6663,1.68576,1.88311,1.68917,2,0.521221
1,0.0279116,-0.172276,0.420878,0.163391,-0.305006,0.0706203,2,0.0279116
-1,0.409645,-0.737229,-0.156622,0.155574,0.893223,1.40036,1,-0.737229
-1,0.512326,-0.851213,1.0885,1.41829,1.359,1.52042,-2,-0.851213
-1,0.844602,-0.498845,0.879754,0.926149,1.09898,1.01998,1,-0.498845
1,0.662427,-0.354428,-0.211601,-0.248226,0.0227344,1.28836,-2,0.662427
1,0.333958,-0.499585,-0.833395,-0.287332,-0.233342,0.635376,-2,0.333958
1,0.209871,-0.723703,-0.355195,-0.748744,-0.102045,-0.940577,-2,0.209871
1,0.27035,-0.790922,-0.0209941,0.0486354,1.12736,0.973673,2,0.27035
1,0.456884,-0.952454,0.155677,0.373304,0.499901,0.335094,-2,0.456884
-1,0.871556,-0.537023,0.715207,0.322385,0.922178,0.107197,-2,-0.537023
-1,0.174798,-0.519762,-0.781218,-1.13665,-1.57957,-1.7846,-2,-0.519762
-1,0.166933,-0.385158,0.720643,1.90158,1.80273,1.7317,2,-0.385158
-1,0.581481,-0.74089,-0.805017,-1.85354,-1.29572,-1.50412,-2,-0.74089
-1,0.478268,-0.726798,1.6003,1.48763,1.18991,0.222455,2,-0.726798
1,0.409357,-0.890499,0.995102,0.671783,1.09765,0.871755,-2,0.409357
1,0.558214,-0.967056,1.08809,1.34652,1.31684,1.20312,1,0.558214
1,0.951934,-0.763819,1.06272,0.228111,0.761953,0.487718,-2,0.951934
1,0.478231,-0.556939,-1.29368,-0.995698,-0.792528,-0.398936,-2,0.478231
1,0.549461,-0.367144,0.742541,0.787977,0.789954,-0.209748,2,0.549461
1,0.53715,-0.885538,1.32576,1.58089,0.749135,0.957522,2,0.53715
-1,0.917678,-0.169454,-0.930341,-0.828815,-0.188714,-0.0219156,-2,-0.169454
-1,0.411471,-0.334554,0.245271,1.75195,1.16315,1.94059,-2,-0.334554
1,0.0324435,-0.852401,0.464886,1.79907,1.15088,1.55374,2,0.0324435
1,0.5714,-0.571847,-0.202979,0.956733,0.487115,0.740386,2,0.5714
-1,0.5714,-0.571847,-0.202979,0.956733,0.487115,0.740386,2,-0.571847
-1,0.243185,-0.609226,-0.256645,0.142995,0.177783,0.877597,2,-0.609226
1,0.632984,-0.960637,-1.12347,-0.518541,-0.790381,0.142084,-2,0.632984
-1,0.84277,-0.590675,1.34217,0.923095,1.39448,1.34696,-2,-0.590675
1,0.616895,-0.144966,1.44718,1.85046,2.00213,1.54869,2,0.616895
1,0.53722,-0.16791,1.28015,0.579474,0.653304,0.563359,2,0.53722
1,0.670453,-0.479108,-1.25772,-1.02263,-0.914583,-0.536348,-2,0.670453
1,0.669408,-0.681335,-1.66939,-1.69827,-1.75665,-1.63046,-2,0.669408
-1,0.135667,-0.976362,0.174366,-0.723338,0.12637,-0.599829,2,-0.976362
-1,0.533915,-0.3973,-1.91247,-1.96362,-1.75551,-1.77629,2,-0.3973
1,0.771157,-0.473049,0.596715,0.660984,0.987817,0.843572,-2,0.771157
1,0.98484,-0.105623,-0.207758,-0.648789,0.474678,0.673122,-2,0.98484
-1,0.936353,-0.590962,1.81845,1.5656,1.80991,1.18228,2,-0.590962
-1,0.573427,-0.858119,0.90591,0.64965,-0.0905521,-0.792428,2,-0.858119
1,0.465644,-0.541821,1.04366,1.56301,1.44809,1.53381,1,0.465644
-1,0.184243,-0.489536,1.28473,1.8935,1.13574,1.7428,2,-0.489536
-1,0.557421,-0.612472,-0.909423,-0.607033,-0.177089,-0.286514,2,-0.612472
-1,0.669408,-0.681335,-1.66939,-1.69827,-1.75665,-1.63046,-2,-0.681335
1,0.333006,-0.713823,1.74413,1.32282,1.83184,0.978902,2,0.333006
-1,0.181073,-0.615752,-0.363529,-0.185854,-0.0681913,0.192734,-2,-0.615752
-1,0.0976173,-0.562776,-0.748578,-0.327756,-0.300134,-0.141096,2,-0.562776
-1,0.505895,-0.54637,0.532694,0.363683,0.185209,1.02797,-2,-0.54637
-1,0.558008,-0.512796,1.58803,1.50318,1.42123,1.47357,2,-0.512796
-1,0.253045,-0.994906,-0.212175,-0.738538,0.118959,0.565262,-2,-0.994906
1,0.543581,-0.235817,-1.35534,-0.926336,-0.859455,-0.129643,-2,0.543581
1,0.0688709,-0.127476,0.281679,0.322235,0.706732,0.359245,1,0.0688709
1,0.298826,-0.907236,1.90601,1.2599,1.72548,1.125,2,0.298826
-1,0.217468,-0.48645,-1.23363,-1.46562,-1.52903,-1.44183,2,-0.48645
1,0.378539,-0.393083,-0.578794,-0.909885,-1.27766,-0.441231,2,0.378539
-1,0.155129,-0.334697,-0.392506,1.04032,-0.51074,1.14806,2,-0.334697
-1,0.378942,-0.167994,1.67618,1.48317,1.74236,1.67132,2,-0.167994
1,0.337227,-0.716377,-1.23289,-1.20336,-1.54424,-0.996561,-2,0.337227
1,0.69068,-0.455,-1.60449,-1.60066,-1.34144,-1.29185,-2,0.69068
1,0.229857,-0.629428,0.39918,0.557063,0.447596,0.854573,1,0.229857
1,0.373278,-0.23225,1.119,1.09334,1.08646,1.1014,2,0.373278
1,0.609523,-0.192144,-0.51481,0.687913,-0.342279,0.479737,-2,0.609523
-1,0.824912,-0.154037,-0.248106,-0.779134,-0.561519,-1.41017,2,-0.154037
1,0.521383,-0.290402,-0.417409,-0.843309,-0.161384,-1.11527,2,0.521383
1,0.453848,-0.234046,-1.73077,-1.42492,-1.37999,-1.12567,2,0.453848
-1,0.999532,-0.100767,1.22691,1.3661,1.25075,1.33152,1,-0.100767
-1,0.687719,-0.528243,-1.19792,-1.52992,-1.57831,-1.04681,2,-0.528243
-1,0.724531,-0.298902,0.740641,0.350359,0.49919,-0.100181,-2,-0.298902
-1,0.791687,-0.304291,1.27934,1.2144,0.95991,0.535845,2,-0.304291
-1,0.983753,-0.916433,-0.511074,-0.636728,-0.214525,-0.252186,1,-0.916433
-1,0.605434,-0.812492,-1.66327,-1.5703,-1.34967,-1.37573,-2,-0.812492
1,0.797552,-0.360375,0.457511,0.667117,1.14708,1.21802,2,0.797552
-1,0.346844,-0.550844,-1.03846,-0.426291,-0.395647,-0.325226,-2,-0.550844
1,0.444175,-0.926135,1.67505,1.49032,1.54434,0.959228,-2,0.444175
1,0.634852,-0.398277,1.75114,1.72156,1.88405,1.49586,2,0.634852
-1,0.435828,-0.571202,-0.133059,-0.786847,-0.350748,-1.17634,-2,-0.571202
-1,0.779661,-0.448404,0.577861,0.719027,0.546388,-0.537404,-2,-0.448404
-1,0.122825,-0.568332,-1.84309,-1.76436,-1.57351,-1.1752,-2,-0.568332
-1,0.623288,-0.414348,-1.19924,-0.753846,-0.9777,-0.628435,-2,-0.414348
1,0.675235,-0.694486,1.60152,1.51037,1.51155,1.43668,2,0.675235
-1,0.0803182,-0.0702231,0.33107,-0.176085,0.689389,1.24899,-2,-0.0702231
1,0.649035,-0.934318,-1.1578,-1.19124,-1.17958,-1.09382,2,0.649035
-1,0.4746,-0.684548,-1.12202,-1.30664,-1.23493,-1.19568,-2,-0.684548
1,0.385862,-0.831485,0.440954,-0.11284,0.313497,-0.355014,2,0.385862
1,0.0215326,-0.746354,0.866247,1.48754,1.57157,1.42539,-2,0.0215326
-1,0.987836,-0.326733,1.53498,1.75851,1.73258,1.82487,2,-0.326733
1,0.49326,-0.748161,1.59828,1.58644,1.8317,1.74693,2,0.49326
-1,0.98953,-0.649047,0.829424,0.690793,0.592794,0.0226388,-2,-0.649047
1,0.926817,-0.324856,-0.121074,-0.416505,-0.186532,-0.333084,2,0.926817
-1,0.675235,-0.694486,1.60152,1.51037,1.51155,1.43668,2,-0.694486
-1,0.665169,-0.250051,0.00300297,0.211254,0.35259,0.432187,2,-0.250051
-1,0.378539,-0.393083,-0.578794,-0.909885,-1.27766,-0.441231,2,-0.393083
1,0.558776,-0.564706,-0.750509,-0.869871,-0.662596,-0.764353,2,0.558776
-1,0.170402,-0.364835,0.94444,1.3049,1.07422,1.46372,2,-0.364835
1,0.631497,-0.667985,0.177973,-1.3896,-1.1079,-0.0755176,2,0.631497
-1,0.0790005,-0.223084,0.976318,0.893929,1.04497,0.898361,1,-0.223084
1,0.378684,-0.83495,-1.43423,-0.914176,-1.15286,-0.927021,2,0.378684
-1,0.558776,-0.564706,-0.750509,-0.869871,-0.662596,-0.764353,2,-0.564706
1,0.448779,-0.258806,-0.974742,-1.32695,-1.37832,-1.66271,2,0.448779
-1,0.651813,-0.639794,1.26776,1.3059,1.25217,1.24383,2,-0.639794
-1,0.898375,-0.393685,0.954521,1.20455,1.12312,1.19825,-2,-0.393685
1,0.0803182,-0.0702231,0.33107,-0.176085,0.689389,1.24899,-2,0.0803182
1,0.352281,-0.448031,0.598647,0.875793,0.910467,1.17959,2,0.352281
1,0.772017,-0.791029,-1.18572,-1.55706,-1.07381,-0.733142,-2,0.772017
1,0.558008,-0.512796,1.58803,1.50318,1.42123,1.47357,2,0.558008
1,0.730092,-0.0903345,-0.857638,-0.67631,-0.647467,-0.212328,2,0.730092
-1,0.34237,-0.0541426,1.27161,1.06814,0.997344,0.984632,-2,-0.0541426
-1,0.766955,-0.19337,-0.499577,-0.550905,-0.370939,-0.313005,-2,-0.19337
1,0.641098,-0.221666,-0.303525,0.325597,0.539131,0.471712,2,0.641098
1,0.510663,-0.557635,-1.68662,-1.7325,-1.85961,-1.85635,2,0.510663
-1,0.478231,-0.556939,-1.29368,-0.995698,-0.792528,-0.398936,-2,-0.556939
-1,0.251181,-0.549218,-0.0303586,-0.730249,-1.14868,-1.81652,-2,-0.549218
1,0.499052,-0.583743,-0.7704,-0.99852,-1.42327,-1.32785,-2,0.499052
-1,0.232539,-0.575641,1.55238,1.88571,1.84252,1.56343,2,-0.575641
1,0.385873,-0.256421,-1.307,-1.37788,-1.4579,-1.23137,1,0.385873
1,0.651813,-0.639794,1.26776,1.3059,1.25217,1.24383,2,0.651813
1,0.654132,-0.979798,0.809521,0.346339,0.567082,0.0827174,2,0.654132
1,0.756953,-0.422951,1.32636,1.46272,1.63131,0.983054,2,0.756953
-1,0.672613,-0.612766,-0.342048,0.0210489,0.529806,0.674599,2,-0.612766
-1,0.923708,-0.410383,-1.45803,-1.84957,-1.87692,-1.81983,-2,-0.410383
1,0.67437,-0.551766,1.3313,1.23833,1.29824,1.54277,-2,0.67437
1,0.665952,-0.836632,-1.83562,-0.964907,-0.431221,0.178103,-2,0.665952
1,0.578524,-0.616369,1.18925,0.805824,-0.155337,-0.136915,2,0.578524
1,0.870372,-0.615901,-1.84798,-1.96434,-1.76341,-1.3956,-2,0.870372
1,0.700612,-0.170476,1.77748,1.43144,1.43316,0.859073,2,0.700612
-1,0.558425,-0.987802,0.914104,0.991354,0.939129,1.20361,-2,-0.987802
1,0.834213,-0.0508863,1.01786,0.577921,0.430133,-0.00926161,-2,0.834213
-1,0.772017,-0.791029,-1.18572,-1.55706,-1.07381,-0.733142,-2,-0.791029
-1,0.861522,-0.374424,1.85101,1.74764,1.45074,1.14616,-2,-0.374424
-1,0.207866,-0.433424,-0.800064,0.23226,-0.0440401,0.227788,2,-0.433424
-1,0.446098,-0.406734,1.25216,1.72156,1.47135,1.66532,2,-0.406734
-1,0.564818,-0.43631,1.16634,1.4249,1.20893,1.45693,2,-0.43631
-1,0.465644,-0.541821,1.04366,1.56301,1.44809,1.53381,1,-0.541821
-1,0.874713,-0.569668,-0.739269,-0.614677,-0.459741,-0.52289,-2,-0.569668
1,0.50282,-0.309004,0.950438,0.933164,0.6256,0.538648,-2,0.50282
1,0.585505,-0.422656,-0.764447,-0.278972,0.0530586,0.596214,2,0.585505
-1,0.216846,-0.654247,-1.30639,-0.892232,-0.896644,-0.631527,-2,-0.654247
-1,0.0977542,-0.616814,-0.700081,0.296661,-0.484535,-0.374385,-2,-0.616814
1,0.778661,-0.135091,1.64448,1.72669,1.73193,1.74697,2,0.778661
-1,0.190011,-0.743295,0.334917,-1.0698,-0.659789,-1.31303,-2,-0.743295
-1,0.682696,-0.656474,1.74225,1.73641,1.82344,1.49363,2,-0.656474
-1,0.820755,-0.447129,-0.40067,-0.465223,-0.229013,0.686656,2,-0.447129
-1,0.536159,-0.315201,-1.07543,-0.793393,-0.586001,-0.44094,-2,-0.315201
1,0.677028,-0.44511,-1.04089,-1.03621,-0.86091,-0.503829,-2,0.677028
1,0.672198,-0.428918,-0.965458,-1.2337,-0.577841,-0.748789,-2,0.672198
-1,0.965766,-0.565402,0.735864,0.326678,0.979249,0.443594,-2,-0.565402
1,0.664645,-0.358845,1.52368,1.12551,1.05817,0.881522,2,0.664645
1,0.689252,-0.50906,0.226908,0.241616,0.372887,0.391627,2,0.689252
-1,0.928555,-0.576658,0.7841,1.13234,1.19621,1.32941,-2,-0.576658
1,0.615497,-0.984743,-0.971702,-1.11894,-0.6841,-0.947031,-2,0.615497
-1,0.381566,-0.596535,1.84431,1.08579,1.61062,0.899684,2,-0.596535
-1,0.860115,-0.884359,0.785537,0.0416204,0.403182,-0.0945416,2,-0.884359
-1,0.326057,-0.933902,1.9305,1.93047,1.49491,0.986024,2,-0.933902
-1,0.520305,-0.788725,0.953539,0.0450305,0.43873,-0.448895,2,-0.788725
-1,0.578524,-0.616369,1.18925,0.805824,-0.155337,-0.136915,2,-0.616369
-1,0.631497,-0.667985,0.177973,-1.3896,-1.1079,-0.0755176,2,-0.667985
-1,0.528987,-0.833208,1.60012,1.9373,1.90161,1.80645,-2,-0.833208
1,0.860115,-0.884359,0.785537,0.0416204,0.403182,-0.0945416,2,0.860115
1,0.953531,-0.629074,0.974042,0.823387,0.15183,0.168197,-2,0.953531
1,0.119524,-0.853227,-1.43904,-0.465576,-0.837576,-0.139183,-2,0.119524
1,0.411471,-0.334554,0.245271,1.75195,1.16315,1.94059,-2,0.411471
1,0.451899,-0.618873,0.273592,0.0157132,0.343198,0.126995,2,0.451899
1,0.861594,-0.0490698,0.0283925,-0.910196,0.234762,-1.35229,-2,0.861594
1,0.983753,-0.916433,-0.511074,-0.636728,-0.214525,-0.252186,1,0.983753
1,0.620368,-0.454932,1.99491,1.40954,1.88374,0.973655,2,0.620368
-1,0.0688709,-0.127476,0.281679,0.322235,0.706732,0.359245,1,-0.127476
-1,0.964849,-0.670927,1.5767,-0.0779905,0.530262,-0.413781,2,-0.670927
1,0.331495,-0.515602,-1.31309,-1.2182,-1.13818,-1.23922,-2,0.331495
-1,0.510663,-0.557635,-1.68662,-1.7325,-1.85961,-1.85635,2,-0.557635
1,0.558903,-0.840979,1.52161,1.7524,1.69091,1.76251,2,0.558903
1,0.227521,-0.250022,-0.0688942,-0.694578,-0.447086,-0.999441,-2,0.227521
-1,0.14192,-0.700095,-0.716531,-1.1373,-0.322343,-0.590656,2,-0.700095
-1,0.672435,-0.119455,0.510918,1.30154,0.895949,1.8041,2,-0.119455
-1,0.227521,-0.250022,-0.0688942,-0.694578,-0.447086,-0.999441,-2,-0.250022
-1,0.644811,-0.326729,1.14845,0.98757,1.34352,1.55191,-2,-0.326729
-1,0.69472,-0.32079,0.888781,0.858139,0.784097,0.668847,2,-0.32079
1,0.471743,-0.529837,-0.242455,-0.506917,-0.0382013,-0.355021,2,0.471743
-1,0.527985,-0.450019,0.953183,0.938397,1.20275,1.04213,2,-0.450019
1,0.552357,-0.707962,1.1238,0.967689,1.49796,1.22275,2,0.552357
-1,0.268103,-0.635014,0.979697,0.541795,0.862609,0.570378,2,-0.635014
1,0.414126,-0.552697,0.0232742,-0.467936,-0.633275,-1.22831,2,0.414126
1,0.500826,-0.756042,0.461291,0.316935,0.649496,0.285026,2,0.500826
1,0.727847,-0.938714,-0.654382,-0.990672,-1.42364,-1.50627,2,0.727847
1,0.533915,-0.3973,-1.91247,-1.96362,-1.75551,-1.77629,2,0.533915
1,0.699754,-0.379126,1.07487,1.22467,1.0123,1.49933,-2,0.699754
1,0.486239,-0.130674,1.53461,1.39636,1.54572,1.40181,2,0.486239
1,0.858621,-0.199556,-1.65132,-1.3213,-1.11395,-0.690867,-2,0.858621
1,0.446098,-0.406734,1.25216,1.72156,1.47135,1.66532,2,0.446098
-1,0.967309,-0.701142,1.14077,1.41268,0.997787,1.3863,2,-0.701142
1,0.596282,-0.61755,0.406643,0.277743,0.663524,0.491287,2,0.596282
1,0.672613,-0.612766,-0.342048,0.0210489,0.529806,0.674599,2,0.672613
1,0.775076,-0.323509,-1.45269,-1.28688,-1.41442,-1.58097,-2,0.775076
1,0.667972,-0.181506,0.908123,1.02642,1.06572,0.984692,-2,0.667972
1,0.611287,-0.265885,0.662604,0.256167,0.11899,-0.705507,2,0.611287
-1,0.149355,-0.71609,-1.86673,-1.64462,-1.44315,-1.74159,-2,-0.71609
1,0.534857,-0.173302,-0.556563,-0.975547,-1.38138,-1.415,-2,0.534857
1,0.935273,-0.126975,-0.410129,-0.587347,-1.4115,-0.837368,-2,0.935273
-1,0.295419,-0.609289,1.22685,1.24599,-0.120561,-1.03987,2,-0.609289
-1,0.8052,-0.635213,0.998639,0.763315,0.947011,0.769478,-2,-0.635213
-1,0.249684,-0.928642,-0.430346,-0.591107,-0.158614,-0.355021,-2,-0.928642
-1,0.247795,-0.927103,-0.621385,-1.22023,-1.57172,-1.7863,2,-0.927103
1,0.520475,-0.831999,1.05925,1.23007,1.53506,0.986244,2,0.520475
1,0.682696,-0.656474,1.74225,1.73641,1.82344,1.49363,2,0.682696
1,0.391848,-0.83833,-0.179984,-0.766887,-0.427791,-1.18202,-2,0.391848
1,0.407562,-0.432151,1.25459,0.0945386,-1.89418,-1.87609,2,0.407562
-1,0.188867,-0.500659,-0.784971,-0.00165149,-0.190512,0.561613,2,-0.500659
1,0.0741598,-0.414561,-0.912636,-1.74727,-1.4908,-1.18463,-2,0.0741598
1,0.480981,-0.782143,1.11577,0.642189,0.734748,0.438014,2,0.480981
-1,0.919915,-0.631482,-0.333032,0.249956,-0.23282,0.619092,2,-0.631482
-1,0.350483,-0.625091,-1.35239,-1.37381,-1.13429,-1.28494,2,-0.625091
-1,0.960051,-0.498973,0.889149,0.664691,0.629693,0.385567,2,-0.498973
-1,0.791458,-0.445847,-0.460747,-0.908439,-0.591802,-0.742894,2,-0.445847
1,0.628669,-0.865046,1.07478,1.20212,1.04462,1.33339,-2,0.628669
-1,0.19132,-0.789523,-1.29657,-0.890425,-1.13063,-0.359032,-2,-0.789523
1,0.641449,-0.321858,-0.306263,1.10269,-0.945922,-1.18947,-2,0.641449
-1,0.274672,-0.709138,-0.319272,0.38615,0.17843,0.582074,-2,-0.709138
1,0.70763,-0.483064,1.15637,0.799919,1.24612,1.23435,-2,0.70763
-1,0.523517,-0.759057,-0.129527,-0.676463,0.608866,0.612487,2,-0.759057
1,0.81469,-0.92757,1.02876,0.809729,0.809669,0.506384,-2,0.81469
-1,0.310864,-0.636077,0.0929386,-0.333374,0.0487628,-0.503469,2,-0.636077
1,0.754843,-0.412979,-0.846023,-1.17455,-1.9275,-1.62252,2,0.754843
1,0.731019,-0.756104,-1.1696,-0.793597,-0.510348,-0.137521,-2,0.731019
1,0.675097,-0.456718,-0.515653,1.1074,0.116062,1.753,2,0.675097
1,0.682317,-0.896363,0.47273,0.0310943,0.505518,-0.215369,-2,0.682317
-1,0.130177,-0.71668,1.60261,1.39242,1.44261,0.497665,2,-0.71668
-1,0.596282,-0.61755,0.406643,0.277743,0.663524,0.491287,2,-0.61755
1,0.92969,-0.200603,1.73179,1.10722,1.30631,0.735027,2,0.92969
1,0.765596,-0.842381,-0.647384,-0.0400683,-0.202872,-1.5572,2,0.765596
-1,0.407562,-0.432151,1.25459,0.0945386,-1.89418,-1.87609,2,-0.432151
-1,0.499052,-0.583743,-0.7704,-0.99852,-1.42327,-1.32785,-2,-0.583743
-1,0.333958,-0.499585,-0.833395,-0.287332,-0.233342,0.635376,-2,-0.499585
1,0.541311,-0.867959,1.1001,1.68926,1.12381,1.62426,-2,0.541311
-1,0.352281,-0.448031,0.598647,0.875793,0.910467,1.17959,2,-0.448031
1,0.760756,-0.315129,-0.961509,-0.784117,-0.652588,-0.262024,2,0.760756
-1,0.138935,-0.607145,1.54963,0.798719,1.30818,0.688177,2,-0.607145
-1,0.993136,-0.332213,-1.52897,-1.43005,-1.46702,-1.04124,-2,-0.332213
-1,0.211051,-0.736655,-0.676594,-0.804231,0.397885,0.00676415,-2,-0.736655
1,0.47492,-0.534534,1.39412,1.47762,1.38104,0.719691,2,0.47492
-1,0.645989,-0.467032,-1.89962,-1.86138,-1.40027,-0.960786,-2,-0.467032
1,0.710575,-0.833793,1.78945,1.19219,1.67129,1.05217,2,0.710575
-1,0.0279116,-0.172276,0.420878,0.163391,-0.305006,0.0706203,2,-0.172276
1,0.534527,-0.327125,-0.118882,0.19824,0.170603,-0.0144932,-2,0.534527
-1,0.250651,-0.751518,1.41678,1.00707,0.883085,0.502815,2,-0.751518
-1,0.651258,-0.986785,0.789865,1.03053,1.06975,0.912721,-2,-0.986785
-1,0.731019,-0.756104,-1.1696,-0.793597,-0.510348,-0.137521,-2,-0.756104
1,0.830988,-0.334252,-1.82144,-1.7996,-1.7805,-1.81659,-2,0.830988
1,0.986658,-0.315456,-0.774268,-0.47786,-0.24737,0.490975,-2,0.986658
1,0.732704,-0.443636,0.726686,0.527986,0.398994,0.245261,-2,0.732704
-1,0.940098,-0.785568,-0.974423,-1.31011,-1.63756,-1.50135,-1,-0.785568
-1,0.763157,-0.414019,0.307164,-1.11513,-0.930034,0.633206,2,-0.414019
-1,0.909813,-0.647577,1.44334,1.46923,1.51152,1.46222,1,-0.647577
-1,0.429455,-0.308006,-0.613856,-1.17137,-1.72432,-1.6721,-2,-0.308006
-1,0.471743,-0.529837,-0.242455,-0.506917,-0.0382013,-0.355021,2,-0.529837
1,0.652307,-0.966742,0.525942,0.152684,0.233449,0.726462,-2,0.652307
1,0.667745,-0.371719,0.0238864,1.30699,0.660611,1.52025,-2,0.667745
-1,0.734911,-0.692395,-1.72127,-1.85646,-1.39065,-0.843927,-2,-0.692395
-1,0.242134,-0.509912,0.221132,0.288191,0.437792,0.922957,-2,-0.509912
1,0.718341,-0.380878,-1.6906,-1.65687,-1.80554,-1.79424,-2,0.718341
1,0.687719,-0.528243,-1.19792,-1.52992,-1.57831,-1.04681,2,0.687719
1,0.808799,-0.947749,-0.0458692,-0.363414,0.641191,0.020331,2,0.808799
1,0.362054,-0.562443,1.62816,1.89256,1.7834,1.61914,-2,0.362054
-1,0.57118,-0.553736,-1.81512,-1.54726,-1.26308,-0.45936,-2,-0.553736
1,0.767822,-0.40449,-1.08951,-1.73711,-1.42538,-1.48223,2,0.767822
-1,0.112751,-0.692466,-1.24494,-1.34626,-1.09017,-1.02264,2,-0.692466
1,0.0627458,-0.760787,1.46418,1.35206,1.37743,1.31635,2,0.0627458
-1,0.68762,-0.198542,1.07274,1.76072,1.92243,1.70096,-2,-0.198542
-1,0.838214,-0.270088,1.8623,1.86427,1.93727,1.8941,2,-0.270088
1,0.57118,-0.553736,-1.81512,-1.54726,-1.26308,-0.45936,-2,0.57118
-1,0.357081,-0.706136,1.44467,1.50696,1.19582,0.89003,-2,-0.706136
1,0.773917,-0.895446,1.63267,1.61656,1.95554,1.21751,2,0.773917
1,0.822334,-0.847537,1.01485,0.675773,0.546563,0.655893,-2,0.822334
1,0.704503,-0.190559,-1.46136,-1.76188,-1.41643,-1.4802,-2,0.704503
1,0.993548,-0.539401,0.0325159,-0.232563,-0.204482,0.477311,2,0.993548
1,0.82777,-0.86849,0.105713,0.115465,0.651314,0.537431,2,0.82777
1,0.782695,-0.124412,-0.509397,-1.39737,-0.912682,-1.28516,2,0.782695
-1,0.280452,-0.909775,-0.649865,-0.282364,0.0241819,0.0336703,-2,-0.909775
-1,0.252177,-0.0676316,-0.346584,-0.500238,-0.190715,-0.054542,-2,-0.0676316
-1,0.608905,-0.216934,-1.76015,1.45633,-1.98458,0.219737,1,-0.216934
-1,0.710949,-0.364043,0.509747,0.67799,0.554965,0.977744,-2,-0.364043
1,0.43699,-0.490574,0.724537,0.090597,0.461819,-0.0700392,-2,0.43699
1,0.558585,-0.318093,-0.218484,-0.329381,-1.45413,-1.84763,2,0.558585
-1,0.47492,-0.534534,1.39412,1.47762,1.38104,0.719691,2,-0.534534
1,0.564818,-0.43631,1.16634,1.4249,1.20893,1.45693,2,0.564818
-1,0.234684,-0.648654,-0.475124,-0.512254,-0.862043,-1.44641,-2,-0.648654
1,0.756835,-0.756473,-0.132104,-1.73442,-0.269285,-0.859509,-2,0.756835
-1,0.756835,-0.756473,-0.132104,-1.73442,-0.269285,-0.859509,-2,-0.756473
1,0.794848,-0.902195,0.475398,-0.848249,-0.917229,-1.15084,2,0.794848
1,0.84277,-0.590675,1.34217,0.923095,1.39448,1.34696,-2,0.84277
-1,0.0164396,-0.880562,1.74897,1.43776,1.53658,1.4656,2,-0.880562
-1,0.665952,-0.836632,-1.83562,-0.964907,-0.431221,0.178103,-2,-0.836632
1,0.798813,-0.96856,-1.78574,-1.86261,-1.70865,-1.67506,-2,0.798813
1,0.891888,-0.462549,-0.200896,0.52005,1.76855,1.3845,-2,0.891888
-1,0.436111,-0.733504,1.73025,1.37831,1.89405,1.32412,2,-0.733504
-1,0.277174,-0.894322,-0.981673,-1.04021,-0.794066,-0.4989,2,-0.894322
1,0.527985,-0.450019,0.953183,0.938397,1.20275,1.04213,2,0.527985
-1,0.318872,-0.282699,1.39288,1.41952,0.770803,0.31494,2,-0.282699
1,0.817836,-0.319601,1.41063,1.37506,1.19814,1.23674,2,0.817836
-1,0.656289,-0.536318,0.699312,0.290901,0.91602,0.113375,2,-0.536318
-1,0.765596,-0.842381,-0.647384,-0.0400683,-0.202872,-1.5572,2,-0.842381
-1,0.746521,-0.639285,0.868905,0.841659,0.964751,0.899505,-2,-0.639285
-1,0.296158,-0.765737,1.44037,1.3725,1.45854,1.28606,2,-0.765737
-1,0.453903,-0.0125661,0.580213,-0.029685,-0.398461,0.0196125,-2,-0.0125661
1,0.0550685,-0.517272,-0.521216,0.727346,0.437612,1.71955,-2,0.0550685
1,0.152101,-0.250475,-0.151772,0.345748,0.42426,0.851597,2,0.152101
-1,0.41902,-0.0266668,0.505686,1.39832,1.76703,1.57842,-2,-0.0266668
1,0.307363,-0.393862,1.6052,1.27486,1.55519,1.22475,2,0.307363
1,0.331009,-0.362622,1.2743,-0.623524,-0.698339,0.179351,2,0.331009
-1,0.331009,-0.362622,1.2743,-0.623524,-0.698339,0.179351,2,-0.362622
-1,0.816932,-0.389195,0.015558,0.0961943,0.646892,0.433621,2,-0.389195
1,0.318872,-0.282699,1.39288,1.41952,0.770803,0.31494,2,0.318872
1,0.0555551,-0.277555,0.0274302,0.599805,0.959515,1.46076,2,0.0555551
1,0.546926,-0.757622,1.67482,0.76583,0.751146,0.261154,2,0.546926
-1,0.43699,-0.490574,0.724537,0.090597,0.461819,-0.0700392,-2,-0.490574
-1,0.959762,-0.467697,1.08491,0.737542,0.924177,0.358029,2,-0.467697
-1,0.49326,-0.748161,1.59828,1.58644,1.8317,1.74693,2,-0.748161
-1,0.649035,-0.934318,-1.1578,-1.19124,-1.17958,-1.09382,2,-0.934318
1,0.429842,-0.0367811,-1.63655,-1.73792,-1.68805,-0.829761,-2,0.429842
1,0.42732,-0.462102,1.59673,1.99747,1.66085,1.85143,2,0.42732
1,0.376627,-0.479966,1.01995,1.00851,1.10165,0.713436,2,0.376627
-1,0.451899,-0.618873,0.273592,0.0157132,0.343198,0.126995,2,-0.618873
1,0.380413,-0.57938,0.573104,0.725148,0.766199,0.951132,-2,0.380413
1,0.415278,-0.581468,1.09128,1.30332,1.59239,1.54176,2,0.415278
1,0.478852,-0.618197,1.07771,0.891244,1.23968,0.840182,-2,0.478852
-1,0.461789,-0.863521,-1.38656,-1.02618,-1.06689,-0.477627,-2,-0.863521
1,0.734911,-0.692395,-1.72127,-1.85646,-1.39065,-0.843927,-2,0.734911
1,0.809986,-0.24655,0.0880596,-0.453901,-1.36365,-1.41664,2,0.809986
-1,0.368084,-0.753913,0.201951,-0.0838118,-0.0631011,0.876144,-2,-0.753913
-1,0.11829,-0.699102,1.78497,1.65857,1.00178,0.924009,2,-0.699102
1,0.79076,-0.455297,0.146057,-0.422468,-0.643649,-1.54464,-2,0.79076
-1,0.983334,-0.640877,1.56289,0.159991,0.685166,0.836954,2,-0.640877
1,0.815128,-0.916652,-0.461848,-0.589381,-0.324334,-0.565465,-2,0.815128
1,0.590981,-0.579525,0.966777,-0.342101,-1.53213,-1.5086,2,0.590981
-1,0.590981,-0.579525,0.966777,-0.342101,-1.53213,-1.5086,2,-0.579525
1,0.525199,-0.778713,-0.0237352,0.426739,0.445525,0.454897,-2,0.525199
-1,0.414126,-0.552697,0.0232742,-0.467936,-0.633275,-1.22831,2,-0.552697
-1,0.743835,-0.701407,-0.275433,-0.2335,-0.0407831,-0.508644,2,-0.701407
1,0.8052,-0.635213,0.998639,0.763315,0.947011,0.769478,-2,0.8052
-1,0.183109,-0.794002,1.71342,1.98868,1.33104,1.74023,-2,-0.794002
-1,0.727847,-0.938714,-0.654382,-0.990672,-1.42364,-1.50627,2,-0.938714
-1,0.66382,-0.229635,1.13168,0.957711,0.401914,-0.834671,-2,-0.229635
1,0.552652,-0.703821,-0.963604,-1.13042,-0.750623,-0.237949,-2,0.552652
-1,0.871221,-0.735763,-0.870048,0.247869,-1.66696,0.785487,2,-0.735763
1,0.927382,-0.516287,0.638563,0.690172,-0.419099,-0.499197,-2,0.927382
-1,0.113274,-0.907289,-1.06038,-1.16206,-0.665538,-0.73082,2,-0.907289
1,0.784123,-0.183864,-1.45061,-1.38228,-1.13564,-1.07951,2,0.784123
1,0.731651,-0.430699,1.0817,1.93555,1.58578,1.69227,-2,0.731651
1,0.720139,-0.955948,1.93791,1.4267,1.69913,1.02872,2,0.720139
-1,0.951561,-0.708387,-0.450522,-0.710601,-0.943354,-0.478009,-2,-0.708387
-1,0.710575,-0.833793,1.78945,1.19219,1.67129,1.05217,2,-0.833793
1,0.885722,-0.16718,0.91196,1.47523,0.851684,1.51246,2,0.885722
-1,0.89515,-0.935313,1.14556,0.924636,1.26183,0.899732,-2,-0.935313
-1,0.81469,-0.92757,1.02876,0.809729,0.809669,0.506384,-2,-0.92757
-1,0.415863,-0.400757,1.09557,1.28791,0.911591,1.24574,2,-0.400757
-1,0.552357,-0.707962,1.1238,0.967689,1.49796,1.22275,2,-0.707962
-1,0.632984,-0.960637,-1.12347,-0.518541,-0.790381,0.142084,-2,-0.960637
-1,0.957851,-0.752965,1.39169,0.932566,1.20606,1.03172,2,-0.752965
-1,0.823476,-0.854703,-1.98693,-1.84148,-1.91808,-1.92997,-2,-0.854703
-1,0.53715,-0.885538,1.32576,1.58089,0.749135,0.957522,2,-0.885538
1,0.623288,-0.414348,-1.19924,-0.753846,-0.9777,-0.628435,-2,0.623288
-1,0.26005,-0.692037,-0.926946,-0.119394,-0.438971,-0.633973,-2,-0.692037
-1,0.903122,-0.515843,1.3962,1.18418,1.43563,1.28603,-2,-0.515843
-1,0.736757,-0.12773,-0.34294,-1.08841,0.122431,-0.081629,2,-0.12773
1,0.743835,-0.701407,-0.275433,-0.2335,-0.0407831,-0.508644,2,0.743835
-1,0.529021,-0.898459,-0.156339,-0.176861,0.716804,0.538647,2,-0.898459
1,0.871556,-0.537023,0.715207,0.322385,0.922178,0.107197,-2,0.871556
1,0.839107,-0.42744,-1.07071,-1.16811,-0.992167,-0.669507,-2,0.839107
1,0.89515,-0.935313,1.14556,0.924636,1.26183,0.899732,-2,0.89515
1,0.885667,-0.397744,1.8509,1.78676,1.56244,1.63263,2,0.885667
1,0.838845,-0.154152,1.36907,1.54136,1.36144,1.34219,2,0.838845
-1,0.310501,-0.889662,1.24818,1.18895,0.907871,0.604184,1,-0.889662
1,0.844602,-0.498845,0.879754,0.926149,1.09898,1.01998,1,0.844602
1,0.654101,-0.112703,1.35151,1.56715,1.68752,1.77857,2,0.654101
-1,0.822334,-0.847537,1.01485,0.675773,0.546563,0.655893,-2,-0.847537
-1,0.531872,-0.169677,1.16156,1.81911,1.11787,1.80107,-2,-0.169677
1,0.823476,-0.854703,-1.98693,-1.84148,-1.91808,-1.92997,-2,0.823476
1,0.936353,-0.590962,1.81845,1.5656,1.80991,1.18228,2,0.936353
-1,0.260262,-0.564768,1.7135,1.55,1.47303,0.939559,2,-0.564768
-1,0.82777,-0.86849,0.105713,0.115465,0.651314,0.537431,2,-0.86849
-1,0.320972,-0.878103,1.32132,1.56333,1.60481,1.75962,-2,-0.878103
1,0.213036,-0.868013,-1.66508,-1.79142,-1.42505,-1.14144,-2,0.213036
-1,0.773135,-0.68397,-1.90868,-1.88213,-1.81933,-1.5009,-2,-0.68397
-1,0.296984,-0.833989,1.36384,1.3159,1.28355,1.52885,2,-0.833989
1,0.715938,-0.415988,0.0989454,0.134966,0.853275,0.591415,2,0.715938
1,0.930842,-0.444179,-0.483997,-0.195914,0.116597,0.0847298,2,0.930842
-1,0.200781,-0.0787954,1.44315,0.875544,1.0256,0.938587,2,-0.0787954
1,0.245839,-0.417453,1.22821,1.27248,1.31731,1.24211,-2,0.245839
1,0.289951,-0.849043,-1.21136,-0.744557,-0.714988,-0.361068,-2,0.289951
1,0.415863,-0.400757,1.09557,1.28791,0.911591,1.24574,2,0.415863
1,0.386273,-0.580224,-1.23583,0.686989,-1.59263,1.819,-2,0.386273
-1,0.591031,-0.289352,-0.366072,-0.782023,-1.1367,-1.65144,2,-0.289352
-1,0.331495,-0.515602,-1.31309,-1.2182,-1.13818,-1.23922,-2,-0.515602
-1,0.42732,-0.462102,1.59673,1.99747,1.66085,1.85143,2,-0.462102
-1,0.0573182,-0.865757,-1.16423,-1.88947,-1.45217,-1.69691,-2,-0.865757
1,0.825911,-0.398428,1.40458,1.39127,1.42063,1.28365,2,0.825911
-1,0.161266,-0.614384,1.33604,1.15244,0.788405,0.294567,2,-0.614384
-1,0.971471,-0.668792,-1.11869,-1.06726,-0.74883,-0.861333,2,-0.668792
1,0.722668,-0.178206,1.43569,1.18573,0.881359,0.484892,2,0.722668
-1,0.808799,-0.947749,-0.0458692,-0.363414,0.641191,0.020331,2,-0.947749
-1,0.873441,-0.266902,1.47581,1.04155,0.311923,0.924069,1,-0.266902
-1,0.983928,-0.930146,-0.608376,0.589586,0.370248,-0.539619,2,-0.930146
1,0.920465,-0.926085,-0.912788,-1.18413,-0.865466,-0.82881,-2,0.920465
-1,0.267864,-0.883749,-1.4505,-1.70846,-1.97286,-1.95172,2,-0.883749
-1,0.920465,-0.926085,-0.912788,-1.18413,-0.865466,-0.82881,-2,-0.926085
-1,0.773917,-0.895446,1.63267,1.61656,1.95554,1.21751,2,-0.895446
-1,0.164167,-0.66781,0.605492,0.93259,0.909528,0.859166,2,-0.66781
1,0.965526,-0.493082,-1.08349,-1.33894,-1.67665,-1.72106,2,0.965526
1,0.283443,-0.78738,0.169817,-0.94581,0.149022,-0.992232,2,0.283443
-1,0.794848,-0.902195,0.475398,-0.848249,-0.917229,-1.15084,2,-0.902195
-1,0.0829348,-0.953166,-0.105296,-0.329423,-0.0603675,-0.363029,2,-0.953166
1,0.746521,-0.639285,0.868905,0.841659,0.964751,0.899505,-2,0.746521
-1,0.302714,-0.886609,-0.502634,-0.603521,-0.489338,-0.734214,-2,-0.886609
1,0.26855,-0.857587,-0.561412,0.0280342,-0.28132,-0.283725,2,0.26855
1,0.0432633,-0.148954,1.35802,0.811192,1.85247,1.23211,2,0.0432633
1,0.940098,-0.785568,-0.974423,-1.31011,-1.63756,-1.50135,-1,0.940098
-1,0.840424,-0.810546,-1.81043,-1.80434,-1.46868,-1.19127,-2,-0.810546
1,0.661355,-0.745216,-0.975351,-1.02207,-0.436123,-0.645828,2,0.661355
1,0.554893,-0.987173,-1.75214,-1.91789,-1.86337,-1.97167,2,0.554893
1,0.429455,-0.308006,-0.613856,-1.17137,-1.72432,-1.6721,-2,0.429455
1,0.848013,-0.344009,1.2399,0.960786,1.37585,1.02035,2,0.848013
-1,0.306691,-0.872923,1.29638,1.6082,1.30408,1.37668,2,-0.872923
-1,0.296027,-0.797334,0.658147,-0.00526217,0.0476346,-0.4993,2,-0.797334
-1,0.91044,-0.517911,-0.441865,-0.120193,-0.0566374,0.691209,-2,-0.517911
1,0.884104,-0.910898,-0.259538,0.45415,0.317906,-0.0707632,2,0.884104
1,0.898652,-0.451913,1.39989,1.36243,0.978446,1.03818,2,0.898652
1,0.98953,-0.649047,0.829424,0.690793,0.592794,0.0226388,-2,0.98953
-1,0.558214,-0.967056,1.08809,1.34652,1.31684,1.20312,1,-0.967056
1,0.536159,-0.315201,-1.07543,-0.793393,-0.586001,-0.44094,-2,0.536159
-1,0.620161,-0.491345,1.21766,1.32401,1.04428,1.13492,2,-0.491345
-1,0.298283,-0.0821908,-0.523941,-0.492237,-1.12107,-0.121398,2,-0.0821908
-1,0.249858,-0.701566,1.95964,1.78207,1.93463,1.63137,2,-0.701566
1,0.779661,-0.448404,0.577861,0.719027,0.546388,-0.537404,-2,0.779661
-1,0.521221,-0.933461,1.6663,1.68576,1.88311,1.68917,2,-0.933461
1,0.840424,-0.810546,-1.81043,-1.80434,-1.46868,-1.19127,-2,0.840424
1,0.656289,-0.536318,0.699312,0.290901,0.91602,0.113375,2,0.656289
-1,0.912982,-0.771355,2.00081,1.95053,1.73196,1.52032,2,-0.771355
-1,0.682317,-0.896363,0.47273,0.0310943,0.505518,-0.215369,-2,-0.896363
-1,0.0320887,-0.953254,0.619687,0.312726,0.674305,0.336396,-2,-0.953254
1,0.0195772,-0.71625,1.09241,0.770221,1.57898,1.58732,2,0.0195772
-1,0.860957,-0.746831,1.54172,1.52158,1.51394,1.59572,2,-0.746831
-1,0.153761,-0.710502,0.642134,1.03925,0.763597,1.37966,-2,-0.710502
-1,0.65647,-0.319626,-1.43392,0.351594,-0.235722,0.45311,-2,-0.319626
1,0.181355,-0.697883,-0.531695,1.20544,0.181524,0.882947,2,0.181355
1,0.312892,-0.531215,1.80936,1.03715,1.21757,0.482974,2,0.312892
1,0.964849,-0.670927,1.5767,-0.0779905,0.530262,-0.413781,2,0.964849
1,0.871221,-0.735763,-0.870048,0.247869,-1.66696,0.785487,2,0.871221
-1,0.628669,-0.865046,1.07478,1.20212,1.04462,1.33339,-2,-0.865046
-1,0.884104,-0.910898,-0.259538,0.45415,0.317906,-0.0707632,2,-0.910898
-1,0.558903,-0.840979,1.52161,1.7524,1.69091,1.76251,2,-0.840979
-1,0.654132,-0.979798,0.809521,0.346339,0.567082,0.0827174,2,-0.979798
1,0.645989,-0.467032,-1.89962,-1.86138,-1.40027,-0.960786,-2,0.645989
1,0.983928,-0.930146,-0.608376,0.589586,0.370248,-0.539619,2,0.983928
-1,0.798813,-0.96856,-1.78574,-1.86261,-1.70865,-1.67506,-2,-0.96856
1,0.987246,-0.26204,-0.800646,-0.395986,-0.822817,0.136446,2,0.987246
-1,0.477677,-0.98766,0.943682,1.06348,1.14664,0.832745,-2,-0.98766
-1,0.307363,-0.393862,1.6052,1.27486,1.55519,1.22475,2,-0.393862
-1,0.470744,-0.998092,-0.346834,-0.733231,-0.0968543,-1.19925,-2,-0.998092
-1,0.900936,-0.769802,-0.545671,-0.202004,0.247759,-0.112403,2,-0.769802
-1,0.0195772,-0.71625,1.09241,0.770221,1.57898,1.58732,2,-0.71625
1,0.818591,-0.0513928,0.40249,0.012606,-0.00552747,-1.13074,1,0.818591
1,0.453903,-0.0125661,0.580213,-0.029685,-0.398461,0.0196125,-2,0.453903
1,0.0328571,-0.919978,0.723843,0.856723,1.12822,1.01812,2,0.0328571
-1,0.214304,-0.0665713,0.748761,0.551987,0.556115,0.876661,2,-0.0665713
1,0.355939,-0.579304,0.0672099,-1.10733,-0.19881,-0.248885,-2,0.355939
1,0.874713,-0.569668,-0.739269,-0.614677,-0.459741,-0.52289,-2,0.874713
-1,0.815128,-0.916652,-0.461848,-0.589381,-0.324334,-0.565465,-2,-0.916652
-1,0.925447,-0.921504,1.29647,1.88861,1.39417,1.92551,2,-0.921504
-1,0.152101,-0.250475,-0.151772,0.345748,0.42426,0.851597,2,-0.250475
1,0.967309,-0.701142,1.14077,1.41268,0.997787,1.3863,2,0.967309
-1,0.317096,-0.936324,1.52494,0.8853,-0.299355,-1.002,2,-0.936324
-1,0.361203,-0.126711,-1.04358,-0.601106,-0.521123,-0.736401,2,-0.126711
1,0.773135,-0.68397,-1.90868,-1.88213,-1.81933,-1.5009,-2,0.773135
1,0.925447,-0.921504,1.29647,1.88861,1.39417,1.92551,2,0.925447
-1,0.556126,-0.49512,-0.156629,0.674116,0.670019,0.84212,2,-0.49512
1,0.607637,-0.212094,1.17084,1.17744,1.85737,0.991972,2,0.607637
1,0.928555,-0.576658,0.7841,1.13234,1.19621,1.32941,-2,0.928555
1,0.067818,-0.249128,0.81571,0.295832,0.872169,0.0218852,1,0.067818
1,0.140114,-0.97918,-1.87259,-1.82253,-1.87268,-1.75716,-2,0.140114
1,0.0320887,-0.953254,0.619687,0.312726,0.674305,0.336396,-2,0.0320887
-1,0.694309,-0.367132,1.24011,0.255475,-0.0119685,-0.853751,2,-0.367132
1,0.727628,-0.928324,-0.0034071,-0.0915503,0.716067,0.563016,2,0.727628
-1,0.353468,-0.794415,1.11899,1.51603,1.39758,1.40523,-2,-0.794415
-1,0.976182,-0.735359,0.530534,0.0981891,-0.225601,-1.21106,-2,-0.735359
-1,0.500826,-0.756042,0.461291,0.316935,0.649496,0.285026,2,-0.756042
1,0.0671532,-0.288207,-1.17523,-1.14326,-1.71748,-1.77242,-2,0.0671532
-1,0.661355,-0.745216,-0.975351,-1.02207,-0.436123,-0.645828,2,-0.745216
-1,0.974815,-0.638389,0.954924,1.02665,1.09772,1.15462,-2,-0.638389
-1,0.622093,-0.537021,-2.01868,-1.94205,-1.67089,-1.74925,-2,-0.537021
-1,0.376627,-0.479966,1.01995,1.00851,1.10165,0.713436,2,-0.479966
1,0.909813,-0.647577,1.44334,1.46923,1.51152,1.46222,1,0.909813
-1,0.615497,-0.984743,-0.971702,-1.11894,-0.6841,-0.947031,-2,-0.984743
-1,0.362054,-0.562443,1.62816,1.89256,1.7834,1.61914,-2,-0.562443
1,0.100154,-0.230048,-0.722215,-1.16313,-0.722779,-0.843823,2,0.100154
-1,0.818591,-0.0513928,0.40249,0.012606,-0.00552747,-1.13074,1,-0.0513928
-1,0.415278,-0.581468,1.09128,1.30332,1.59239,1.54176,2,-0.581468
-1,0.333006,-0.713823,1.74413,1.32282,1.83184,0.978902,2,-0.713823
1,0.762086,-0.189501,-0.252511,-0.462278,-0.394272,-0.535014,2,0.762086
1,0.919915,-0.631482,-0.333032,0.249956,-0.23282,0.619092,2,0.919915
-1,0.758479,-0.67002,-1.68558,-1.73417,-1.68841,-1.63556,-2,-0.67002
-1,0.552652,-0.703821,-0.963604,-1.13042,-0.750623,-0.237949,-2,-0.703821
-1,0.337227,-0.716377,-1.23289,-1.20336,-1.54424,-0.996561,-2,-0.716377
-1,0.371368,-0.916492,0.790855,0.405057,0.424408,0.0621662,-2,-0.916492
1,0.343539,-0.59302,0.904051,1.26377,1.45236,1.42877,2,0.343539
1,0.957851,-0.752965,1.39169,0.932566,1.20606,1.03172,2,0.957851
-1,0.520475,-0.831999,1.05925,1.23007,1.53506,0.986244,2,-0.831999
1,0.737241,-0.85418,0.876063,0.478751,0.645635,0.464765,-2,0.737241
1,0.769514,-0.806015,0.581909,0.654748,1.00039,0.719349,2,0.769514
1,0.944543,-0.462303,-1.43666,-0.155259,-1.17309,0.406533,-2,0.944543
1,0.0123546,-0.912927,0.38733,1.37984,1.41812,1.28627,-2,0.0123546
-1,0.947829,-0.544903,-1.18218,-1.13854,-1.1335,-0.92158,2,-0.544903
-1,0.546926,-0.757622,1.67482,0.76583,0.751146,0.261154,2,-0.757622
1,0.795416,-0.17539,-1.34383,-0.501513,-0.413726,-0.159807,-2,0.795416
-1,0.456884,-0.952454,0.155677,0.373304,0.499901,0.335094,-2,-0.952454
-1,0.319928,-0.949796,-0.634284,-0.913739,-1.43324,-0.982963,-2,-0.949796
-1,0.463328,-0.290306,0.319494,0.244,0.789879,0.0175578,-2,-0.290306
1,0.285089,-0.790275,0.692909,0.555378,0.856827,0.672736,-2,0.285089
1,0.556126,-0.49512,-0.156629,0.674116,0.670019,0.84212,2,0.556126
-1,0.0432633,-0.148954,1.35802,0.811192,1.85247,1.23211,2,-0.148954
-1,0.108092,-0.835914,-1.38701,-1.27215,-1.20276,-0.814807,-2,-0.835914
-1,0.480981,-0.782143,1.11577,0.642189,0.734748,0.438014,2,-0.782143
-1,0.409357,-0.890499,0.995102,0.671783,1.09765,0.871755,-2,-0.890499
-1,0.794351,-0.525127,0.813154,1.10812,1.01452,0.944949,-2,-0.525127
-1,0.478852,-0.618197,1.07771,0.891244,1.23968,0.840182,-2,-0.618197
1,0.820755,-0.447129,-0.40067,-0.465223,-0.229013,0.686656,2,0.820755
1,0.555221,-0.942564,0.641548,1.25277,1.10476,1.27228,2,0.555221
1,0.264195,-0.90038,-1.09297,-1.72317,-1.98253,-1.99119,-2,0.264195
-1,0.769514,-0.806015,0.581909,0.654748,1.00039,0.719349,2,-0.806015
-1,0.436489,-0.976951,1.08209,0.968746,0.921273,0.9842,2,-0.976951
-1,0.380975,-0.955811,0.362839,0.313965,0.453647,-0.0270909,2,-0.955811
-1,0.720139,-0.955948,1.93791,1.4267,1.69913,1.02872,2,-0.955948
-1,0.603856,-0.268859,1.42691,1.37007,1.38751,1.27653,2,-0.268859
-1,0.0970104,-0.953065,-0.303324,-0.309718,0.746006,0.603611,-2,-0.953065
1,0.34237,-0.0541426,1.27161,1.06814,0.997344,0.984632,-2,0.34237
-1,0.245961,-0.746461,0.560956,0.737915,1.12376,0.828054,2,-0.746461
1,0.965766,-0.565402,0.735864,0.326678,0.979249,0.443594,-2,0.965766
1,0.860957,-0.746831,1.54172,1.52158,1.51394,1.59572,2,0.860957
-1,0.0123546,-0.912927,0.38733,1.37984,1.41812,1.28627,-2,-0.912927
-1,0.15293,-0.0270407,-1.69269,-1.27152,-1.36416,-0.77268,-2,-0.0270407
1,0.0304577,-0.299723,-0.0198498,-0.511974,-0.296439,-0.737859,-2,0.0304577
1,0.252177,-0.0676316,-0.346584,-0.500238,-0.190715,-0.054542,-2,0.252177
-1,0.745554,-0.298795,0.69259,1.50131,1.29692,1.8799,2,-0.298795
1,0.639514,-0.74532,-1.70152,-1.15171,-1.09016,-0.461685,2,0.639514
-1,0.322952,-0.826165,-0.64158,-0.735596,-0.671204,-0.177107,-2,-0.826165
1,0.644811,-0.326729,1.14845,0.98757,1.34352,1.55191,-2,0.644811
-1,0.751403,-0.721441,-0.41574,0.767825,-0.0120294,1.60657,2,-0.721441
-1,0.229857,-0.629428,0.39918,0.557063,0.447596,0.854573,1,-0.629428
1,0.724531,-0.298902,0.740641,0.350359,0.49919,-0.100181,-2,0.724531
-1,0.652307,-0.966742,0.525942,0.152684,0.233449,0.726462,-2,-0.966742
-1,0.858873,-0.821112,-0.385388,-0.195917,-0.360376,-0.663393,2,-0.821112
1,0.620161,-0.491345,1.21766,1.32401,1.04428,1.13492,2,0.620161
1,0.912982,-0.771355,2.00081,1.95053,1.73196,1.52032,2,0.912982
-1,0.541311,-0.867959,1.1001,1.68926,1.12381,1.62426,-2,-0.867959
1,0.951561,-0.708387,-0.450522,-0.710601,-0.943354,-0.478009,-2,0.951561
1,0.255291,-0.520303,-0.164824,-0.423365,-0.427633,-0.71291,-2,0.255291
-1,0.385862,-0.831485,0.440954,-0.11284,0.313497,-0.355014,2,-0.831485
1,0.900936,-0.769802,-0.545671,-0.202004,0.247759,-0.112403,2,0.900936
1,0.791458,-0.445847,-0.460747,-0.908439,-0.591802,-0.742894,2,0.791458
-1,0.444175,-0.926135,1.67505,1.49032,1.54434,0.959228,-2,-0.926135
-1,0.105467,-0.922559,0.912795,0.840193,0.615508,0.589285,2,-0.922559
1,0.0413995,-0.992978,1.65896,1.40113,1.75672,1.6042,2,0.0413995
-1,0.500813,-0.200661,-1.64236,-1.54937,-1.3182,-1.00326,-2,-0.200661
-1,0.548289,-0.192763,-0.245291,0.519134,1.44892,-0.0695873,-2,-0.192763
1,0.200781,-0.0787954,1.44315,0.875544,1.0256,0.938587,2,0.200781
1,0.858873,-0.821112,-0.385388,-0.195917,-0.360376,-0.663393,2,0.858873
1,0.359743,-0.940704,1.70473,1.12232,1.4639,0.466813,2,0.359743
-1,0.519261,-0.455883,-1.70896,-1.5762,-1.40997,-1.38631,-2,-0.455883
1,0.553816,-0.788146,1.80697,1.34806,1.48525,1.28785,2,0.553816
1,0.187511,-0.52014,0.0346224,-0.272853,-0.0873347,-0.711423,2,0.187511
1,0.622093,-0.537021,-2.01868,-1.94205,-1.67089,-1.74925,-2,0.622093
1,0.758479,-0.67002,-1.68558,-1.73417,-1.68841,-1.63556,-2,0.758479
1,0.793176,-0.183759,-1.55703,-1.26942,-1.06013,-1.09177,-2,0.793176
1,0.177597,-0.172262,-1.88399,-1.78984,-1.87901,-1.84698,-2,0.177597
-1,0.177597,-0.172262,-1.88399,-1.78984,-1.87901,-1.84698,-2,-0.172262
1,0.1936,-0.716878,-0.585907,-0.674917,-1.06504,1.83397,2,0.1936
-1,0.823435,-0.418835,1.3268,1.57636,1.55518,1.33045,2,-0.418835
1,0.482242,-0.579533,-1.77387,-1.73982,-1.43864,-1.43139,-2,0.482242
-1,0.380413,-0.57938,0.573104,0.725148,0.766199,0.951132,-2,-0.57938
-1,0.793884,-0.643368,0.603071,-0.133696,-1.59184,-1.76889,1,-0.643368
-1,0.378684,-0.83495,-1.43423,-0.914176,-1.15286,-0.927021,2,-0.83495
1,0.678847,-0.743631,0.77419,1.03008,1.14831,0.955763,2,0.678847
1,0.665169,-0.250051,0.00300297,0.211254,0.35259,0.432187,2,0.665169
-1,0.737241,-0.85418,0.876063,0.478751,0.645635,0.464765,-2,-0.85418
1,0.934249,-0.250345,1.92619,1.42668,1.77848,1.49511,2,0.934249
1,0.805174,-0.876714,0.732019,0.082531,0.1329,-0.462188,-2,0.805174
-1,0.27035,-0.790922,-0.0209941,0.0486354,1.12736,0.973673,2,-0.790922
1,0.763157,-0.414019,0.307164,-1.11513,-0.930034,0.633206,2,0.763157
1,0.751403,-0.721441,-0.41574,0.767825,-0.0120294,1.60657,2,0.751403
-1,0.946254,-0.453445,1.56442,0.941647,0.370743,-0.158091,2,-0.453445
-1,0.471287,-0.18341,-0.620282,-0.735411,-0.219892,-0.388822,-2,-0.18341
1,0.589907,-0.613597,1.43835,0.661073,0.0331617,1.22923,2,0.589907
-1,0.386273,-0.580224,-1.23583,0.686989,-1.59263,1.819,-2,-0.580224
-1,0.525199,-0.778713,-0.0237352,0.426739,0.445525,0.454897,-2,-0.778713
-1,0.209871,-0.723703,-0.355195,-0.748744,-0.102045,-0.940577,-2,-0.723703
1,0.669321,-0.0275823,-0.905132,-1.13525,-0.858932,-1.35069,2,0.669321
-1,0.245839,-0.417453,1.22821,1.27248,1.31731,1.24211,-2,-0.417453
1,0.877995,-0.134787,-0.27681,0.135417,0.59688,1.07691,2,0.877995
1,0.0156358,-0.396425,1.38584,1.76945,1.49541,1.73269,2,0.0156358
1,0.207361,-0.940741,1.34042,1.88951,1.18911,1.46603,2,0.207361
1,0.791687,-0.304291,1.27934,1.2144,0.95991,0.535845,2,0.791687
1,0.827814,-0.961655,1.36605,1.024,1.31602,1.24235,2,0.827814
1,0.898375,-0.393685,0.954521,1.20455,1.12312,1.19825,-2,0.898375
1,0.69472,-0.32079,0.888781,0.858139,0.784097,0.668847,2,0.69472
-1,0.704259,-0.632683,0.0574356,0.267785,0.973906,1.05708,2,-0.632683
-1,0.348861,-0.161564,1.05647,1.08063,1.17885,0.274734,2,-0.161564
1,0.639997,-0.695579,1.40256,1.66543,1.54886,1.65671,2,0.639997
1,0.923708,-0.410383,-1.45803,-1.84957,-1.87692,-1.81983,-2,0.923708
-1,0.203277,-0.880636,0.488329,1.57402,0.627795,1.93303,-2,-0.880636
-1,0.589907,-0.613597,1.43835,0.661073,0.0331617,1.22923,2,-0.613597
1,0.159441,-0.985089,1.45395,1.3878,1.61285,1.78547,2,0.159441
-1,0.775749,-0.38477,-0.379745,0.226327,0.227904,1.25835,2,-0.38477
-1,0.940823,-0.824116,0.565885,0.764879,0.335275,0.494181,-2,-0.824116
1,0.519261,-0.455883,-1.70896,-1.5762,-1.40997,-1.38631,-2,0.519261
-1,0.990327,-0.943108,1.34786,1.29266,1.3599,1.04888,-2,-0.943108
1,0.179868,-0.402178,0.724489,0.660899,0.594448,0.5272,-2,0.179868
1,0.192796,-0.455343,0.00355137,0.322756,-0.806265,-1.38387,2,0.192796
1,0.194088,-0.981368,0.584395,0.489011,0.606296,1.42278,-2,0.194088
-1,0.0555551,-0.277555,0.0274302,0.599805,0.959515,1.46076,2,-0.277555
-1,0.984772,-0.650252,0.98564,1.47881,1.259,1.1052,2,-0.650252
-1,0.727628,-0.928324,-0.0034071,-0.0915503,0.716067,0.563016,2,-0.928324
-1,0.805174,-0.876714,0.732019,0.082531,0.1329,-0.462188,-2,-0.876714
1,0.214304,-0.0665713,0.748761,0.551987,0.556115,0.876661,2,0.214304
1,0.108938,-0.71684,1.66044,1.06443,0.532077,0.489601,2,0.108938
-1,0.574849,-0.116174,0.641839,1.6519,0.974275,1.52323,2,-0.116174
1,0.111816,-0.825665,1.41168,1.56464,1.36331,1.12064,2,0.111816
-1,0.948068,-0.406619,0.261763,-0.249599,-1.03859,-1.02977,2,-0.406619
-1,0.639514,-0.74532,-1.70152,-1.15171,-1.09016,-0.461685,2,-0.74532
1,0.960051,-0.498973,0.889149,0.664691,0.629693,0.385567,2,0.960051
1,0.971471,-0.668792,-1.11869,-1.06726,-0.74883,-0.861333,2,0.971471
-1,0.678847,-0.743631,0.77419,1.03008,1.14831,0.955763,2,-0.743631
1,0.128838,-0.233735,-1.55384,-1.5146,-1.55143,-1.60101,-2,0.128838
-1,0.909932,-0.774787,-1.42723,-1.61604,-1.72224,-1.70002,-2,-0.774787
-1,0.183259,-0.999154,0.659601,0.780175,-0.216046,-0.91248,2,-0.999154
-1,0.391848,-0.83833,-0.179984,-0.766887,-0.427791,-1.18202,-2,-0.83833
1,0.710949,-0.364043,0.509747,0.67799,0.554965,0.977744,-2,0.710949
1,0.861522,-0.374424,1.85101,1.74764,1.45074,1.14616,-2,0.861522
-1,0.0741598,-0.414561,-0.912636,-1.74727,-1.4908,-1.18463,-2,-0.414561
-1,0.100154,-0.230048,-0.722215,-1.16313,-0.722779,-0.843823,2,-0.230048
-1,0.166564,-0.953171,1.48017,1.7611,1.40003,1.64305,2,-0.953171
-1,0.639997,-0.695579,1.40256,1.66543,1.54886,1.65671,2,-0.695579
1,0.990327,-0.943108,1.34786,1.29266,1.3599,1.04888,-2,0.990327
1,0.976182,-0.735359,0.530534,0.0981891,-0.225601,-1.21106,-2,0.976182
1,0.983334,-0.640877,1.56289,0.159991,0.685166,0.836954,2,0.983334
1,0.566088,-0.601698,-0.43078,0.589353,0.296345,0.858823,-2,0.566088
1,0.704259,-0.632683,0.0574356,0.267785,0.973906,1.05708,2,0.704259
-1,0.312892,-0.531215,1.80936,1.03715,1.21757,0.482974,2,-0.531215
-1,0.635138,-0.578584,1.29657,1.50542,1.40117,1.19478,2,-0.578584
1,0.903122,-0.515843,1.3962,1.18418,1.43563,1.28603,-2,0.903122
1,0.925354,-0.210018,-0.545573,1.57934,-0.275792,1.51092,2,0.925354
-1,0.98338,-0.678066,1.63166,1.59184,1.38508,1.47714,2,-0.678066
-1,0.482242,-0.579533,-1.77387,-1.73982,-1.43864,-1.43139,-2,-0.579533
1,0.218049,-0.229094,0.0232382,-1.49662,0.0631668,0.0539993,-2,0.218049
1,0.15293,-0.0270407,-1.69269,-1.27152,-1.36416,-0.77268,-2,0.15293
-1,0.872608,-0.233264,0.307918,1.22626,0.880516,0.932693,1,-0.233264
-1,0.281621,-0.161893,-1.13692,-1.10576,-0.670212,-0.735075,-2,-0.161893
-1,0.218049,-0.229094,0.0232382,-1.49662,0.0631668,0.0539993,-2,-0.229094
-1,0.638824,-0.383868,-1.00278,-0.892998,-0.696158,-0.906881,-2,-0.383868
-1,0.355939,-0.579304,0.0672099,-1.10733,-0.19881,-0.248885,-2,-0.579304
-1,0.874117,-0.601783,0.434979,-0.150878,-0.678192,-0.834586,2,-0.601783
1,0.409747,-0.832854,-1.87258,-1.63524,-1.4061,-0.234026,-2,0.409747
1,0.298283,-0.0821908,-0.523941,-0.492237,-1.12107,-0.121398,2,0.298283
1,0.988101,-0.192403,1.0334,1.3943,1.28515,1.54177,2,0.988101
-1,0.566088,-0.601698,-0.43078,0.589353,0.296345,0.858823,-2,-0.601698
-1,0.298826,-0.907236,1.90601,1.2599,1.72548,1.125,2,-0.907236
-1,0.175454,-0.935045,-0.328553,-0.364866,0.214584,0.0930528,2,-0.935045
-1,0.067818,-0.249128,0.81571,0.295832,0.872169,0.0218852,1,-0.249128
-1,0.827814,-0.961655,1.36605,1.024,1.31602,1.24235,2,-0.961655
1,0.222783,-0.602125,1.98473,1.70127,1.98315,1.67547,2,0.222783
1,0.034543,-0.510121,0.810999,1.18449,1.04295,1.36406,2,0.034543
1,0.591031,-0.289352,-0.366072,-0.782023,-1.1367,-1.65144,2,0.591031
1,0.793884,-0.643368,0.603071,-0.133696,-1.59184,-1.76889,1,0.793884
1,0.463328,-0.290306,0.319494,0.244,0.789879,0.0175578,-2,0.463328
-1,0.58641,-0.580865,-1.35919,-1.81854,-1.74801,-1.77937,2,-0.580865
1,0.635138,-0.578584,1.29657,1.50542,1.40117,1.19478,2,0.635138
1,0.58641,-0.580865,-1.35919,-1.81854,-1.74801,-1.77937,2,0.58641
1,0.608905,-0.216934,-1.76015,1.45633,-1.98458,0.219737,1,0.608905
1,0.940823,-0.824116,0.565885,0.764879,0.335275,0.494181,-2,0.940823
-1,0.916198,-0.626238,-0.0386563,-0.765709,-0.24153,0.212017,-2,-0.626238
1,0.0548637,-0.885416,-0.295774,-0.301284,-0.245831,-0.190226,-2,0.0548637
-1,0.225212,-0.166387,-0.222226,-1.19378,-1.07855,-1.13868,-2,-0.166387
-1,0.343539,-0.59302,0.904051,1.26377,1.45236,1.42877,2,-0.59302
1,0.987836,-0.326733,1.53498,1.75851,1.73258,1.82487,2,0.987836
-1,0.784605,-0.399737,1.06179,1.18163,1.10277,1.3244,-2,-0.399737
1,0.531872,-0.169677,1.16156,1.81911,1.11787,1.80107,-2,0.531872
1,0.361203,-0.126711,-1.04358,-0.601106,-0.521123,-0.736401,2,0.361203
1,0.816932,-0.389195,0.015558,0.0961943,0.646892,0.433621,2,0.816932
1,0.766955,-0.19337,-0.499577,-0.550905,-0.370939,-0.313005,-2,0.766955
1,0.378108,-0.638106,-0.174765,-0.744327,0.570679,-0.410459,-2,0.378108
-1,0.397508,-0.29412,0.721633,1.88841,1.2878,1.83094,2,-0.29412
-1,0.989761,-0.950191,0.950359,0.420183,0.732028,0.0702394,2,-0.950191
1,0.361587,-0.388803,0.161707,-0.40588,0.661886,-0.0841413,-2,0.361587
1,0.974815,-0.638389,0.954924,1.02665,1.09772,1.15462,-2,0.974815
1,0.91044,-0.517911,-0.441865,-0.120193,-0.0566374,0.691209,-2,0.91044
-1,0.0671532,-0.288207,-1.17523,-1.14326,-1.71748,-1.77242,-2,-0.288207
-1,0.435136,-0.0382001,0.921911,0.669248,0.970207,1.03964,-2,-0.0382001
1,0.295388,-0.46545,-0.511641,0.29382,0.948923,0.953964,2,0.295388
1,0.672243,-0.994411,1.26075,1.07858,1.16143,1.14459,2,0.672243
1,0.839239,-0.904751,0.307641,0.215614,0.0682971,-0.0412438,2,0.839239
-1,0.553816,-0.788146,1.80697,1.34806,1.48525,1.28785,2,-0.788146
-1,0.128838,-0.233735,-1.55384,-1.5146,-1.55143,-1.60101,-2,-0.233735
1,0.65647,-0.319626,-1.43392,0.351594,-0.235722,0.45311,-2,0.65647
-1,0.709404,-0.683225,1.09936,1.12383,1.09836,1.21937,-2,-0.683225
1,0.794351,-0.525127,0.813154,1.10812,1.01452,0.944949,-2,0.794351
1,0.989761,-0.950191,0.950359,0.420183,0.732028,0.0702394,2,0.989761
1,0.909932,-0.774787,-1.42723,-1.61604,-1.72224,-1.70002,-2,0.909932
-1,0.554893,-0.987173,-1.75214,-1.91789,-1.86337,-1.97167,2,-0.987173
1,0.959762,-0.467697,1.08491,0.737542,0.924177,0.358029,2,0.959762
-1,0.442902,-0.0235194,1.55452,1.43331,1.59436,1.61787,2,-0.0235194
1,0.22898,-0.347619,-1.35925,-1.48736,-1.16865,-1.23585,-2,0.22898
1,0.225212,-0.166387,-0.222226,-1.19378,-1.07855,-1.13868,-2,0.225212
-1,0.23776,-0.206337,1.14121,0.837165,1.00238,0.659702,1,-0.206337
1,0.349643,-0.837568,-1.65138,-1.60881,-1.68949,-0.395339,-2,0.349643
-1,0.361587,-0.388803,0.161707,-0.40588,0.661886,-0.0841413,-2,-0.388803
-1,0.644974,-0.417968,0.892298,0.941849,1.39529,0.954419,-2,-0.417968
-1,0.992093,-0.637287,0.748,1.47994,1.17818,1.81008,-2,-0.637287
1,0.709404,-0.683225,1.09936,1.12383,1.09836,1.21937,-2,0.709404
-1,0.614875,-0.0812031,1.42052,1.10951,1.22493,0.902397,2,-0.0812031
1,0.917678,-0.169454,-0.930341,-0.828815,-0.188714,-0.0219156,-2,0.917678
1,0.824912,-0.154037,-0.248106,-0.779134,-0.561519,-1.41017,2,0.824912
1,0.66382,-0.229635,1.13168,0.957711,0.401914,-0.834671,-2,0.66382
1,0.694309,-0.367132,1.24011,0.255475,-0.0119685,-0.853751,2,0.694309
1,0.672435,-0.119455,0.510918,1.30154,0.895949,1.8041,2,0.672435
1,0.281621,-0.161893,-1.13692,-1.10576,-0.670212,-0.735075,-2,0.281621
1,0.68762,-0.198542,1.07274,1.76072,1.92243,1.70096,-2,0.68762
-1,0.79856,-0.633716,-0.424479,-0.914241,-1.86198,-1.5791,-2,-0.633716
1,0.348861,-0.161564,1.05647,1.08063,1.17885,0.274734,2,0.348861
1,0.41902,-0.0266668,0.505686,1.39832,1.76703,1.57842,-2,0.41902
-1,0.255291,-0.520303,-0.164824,-0.423365,-0.427633,-0.71291,-2,-0.520303
-1,0.729086,-0.578667,1.51103,0.466606,0.468707,0.319407,2,-0.578667
1,0.352341,-0.809351,1.68874,1.53231,1.46598,0.793326,2,0.352341
1,0.947829,-0.544903,-1.18218,-1.13854,-1.1335,-0.92158,2,0.947829
1,0.682702,-0.752959,1.48367,1.67595,1.75424,1.2842,2,0.682702
-1,0.839239,-0.904751,0.307641,0.215614,0.0682971,-0.0412438,2,-0.904751
-1,0.786346,-0.131235,0.466336,2.18129e-05,0.161621,-1.30922,2,-0.131235
1,0.23776,-0.206337,1.14121,0.837165,1.00238,0.659702,1,0.23776
1,0.341848,-0.980755,1.26242,1.48472,1.36519,1.17781,2,0.341848
1,0.380407,-0.661926,0.227332,-0.175637,0.259866,-0.0278129,-2,0.380407
1,0.233464,-0.601435,1.82557,1.38987,1.67745,1.37414,2,0.233464
1,0.838214,-0.270088,1.8623,1.86427,1.93727,1.8941,2,0.838214
1,0.121434,-0.744342,1.45759,0.893458,0.914662,0.294433,2,0.121434
-1,0.619055,-0.389276,-0.75465,-0.973943,-0.80258,-0.824371,-2,-0.389276
-1,0.555221,-0.942564,0.641548,1.25277,1.10476,1.27228,2,-0.942564
1,0.243624,-0.873523,0.27592,-0.0251146,0.68005,0.482661,2,0.243624
1,0.397508,-0.29412,0.721633,1.88841,1.2878,1.83094,2,0.397508
1,0.993136,-0.332213,-1.52897,-1.43005,-1.46702,-1.04124,-2,0.993136
1,0.603856,-0.268859,1.42691,1.37007,1.38751,1.27653,2,0.603856
-1,0.179868,-0.402178,0.724489,0.660899,0.594448,0.5272,-2,-0.402178
-1,0.283443,-0.78738,0.169817,-0.94581,0.149022,-0.992232,2,-0.78738
-1,0.0304577,-0.299723,-0.0198498,-0.511974,-0.296439,-0.737859,-2,-0.299723
-1,0.580832,-0.395434,1.43219,1.02483,1.18465,0.605644,2,-0.395434
-1,0.943567,-0.184637,1.08456,0.999156,1.58198,0.830173,2,-0.184637
1,0.500813,-0.200661,-1.64236,-1.54937,-1.3182,-1.00326,-2,0.500813
1,0.414596,-0.693202,1.2759,0.804159,1.03239,0.669574,-2,0.414596
-1,0.682702,-0.752959,1.48367,1.67595,1.75424,1.2842,2,-0.752959
-1,0.776721,-0.403235,1.0346,0.808611,1.35698,0.66926,-2,-0.403235
1,0.778832,-0.965306,-0.0443749,-0.0195324,0.633064,0.51172,-2,0.778832
-1,0.0550685,-0.517272,-0.521216,0.727346,0.437612,1.71955,-2,-0.517272
-1,0.536879,-0.386078,0.288477,-0.476783,0.418641,0.518963,2,-0.386078
-1,0.868565,-0.511734,8.89954e-06,-0.710833,0.0511184,-0.283242,2,-0.511734
-1,0.119524,-0.853227,-1.43904,-0.465576,-0.837576,-0.139183,-2,-0.853227
1,0.519058,-0.968136,0.825529,0.795573,1.23127,0.49353,2,0.519058
1,0.98338,-0.678066,1.63166,1.59184,1.38508,1.47714,2,0.98338
1,0.984772,-0.650252,0.98564,1.47881,1.259,1.1052,2,0.984772
1,0.471287,-0.18341,-0.620282,-0.735411,-0.219892,-0.388822,-2,0.471287
1,0.0529267,-0.0284275,0.977039,1.37472,1.33198,1.47959,2,0.0529267
-1,0.0529267,-0.0284275,0.977039,1.37472,1.33198,1.47959,2,-0.0284275
1,0.80484,-0.0485499,-0.234212,-0.585287,-0.146733,-0.23123,-2,0.80484
1,0.541121,-0.0662668,-0.521769,-1.04527,-0.642435,-0.456078,2,0.541121
-1,0.0510209,-0.538741,1.41969,0.972164,1.34466,1.25061,2,-0.538741
1,0.442902,-0.0235194,1.55452,1.43331,1.59436,1.61787,2,0.442902
1,0.679736,-0.0248982,-1.24504,-1.27282,-1.23122,-0.975623,-2,0.679736
-1,0.122822,-0.310268,1.18275,1.42341,1.13469,1.21852,2,-0.310268
1,0.919284,-0.150294,1.2263,1.45864,1.56866,1.42864,2,0.919284
-1,0.679736,-0.0248982,-1.24504,-1.27282,-1.23122,-0.975623,-2,-0.0248982
-1,0.0755107,-0.0540641,1.20392,1.47363,0.878442,1.31794,2,-0.0540641
